artist_id,name,followers,popularity,url,image_url
6zn0ihyAApAYV51zpXxdEp,10cm,373815,57,https://open.spotify.com/artist/6zn0ihyAApAYV51zpXxdEp,https://i.scdn.co/image/ab6761610000e5eb61c10431501d266b3fe349c7
1ZwdS5xdxEREPySFridCfh,2Pac,13822108,79,https://open.spotify.com/artist/1ZwdS5xdxEREPySFridCfh,https://i.scdn.co/image/ab6761610000e5eb7f5cc432c9c109248ebec1ac
3q7HBObVc0L8jNeTe5Gofh,50 Cent,9587099,82,https://open.spotify.com/artist/3q7HBObVc0L8jNeTe5Gofh,https://i.scdn.co/image/dd031b9c5d1b6eba4a691cd89c954255aae787f2
55RI2GNCfyXr0f14uIdhwd,A Thousand Horses,72133,43,https://open.spotify.com/artist/55RI2GNCfyXr0f14uIdhwd,https://i.scdn.co/image/ab6761610000e5ebcebb4534af9fff14e6f2e1f9
0LcJLqbBmaGUft1e9Mm8HV,ABBA,8976394,79,https://open.spotify.com/artist/0LcJLqbBmaGUft1e9Mm8HV,https://i.scdn.co/image/ab6761610000e5ebebc54431629ce2bf02f50156
6l7J2uM3bM2BCh0tIPhWx8,ABC Kids,5028,51,https://open.spotify.com/artist/6l7J2uM3bM2BCh0tIPhWx8,https://i.scdn.co/image/ab6761610000e5eb69e318e7ac8ee23292ae28bf
7Ey4PD4MYsKc5I2dolUwbH,Aerosmith,12702070,75,https://open.spotify.com/artist/7Ey4PD4MYsKc5I2dolUwbH,https://i.scdn.co/image/ab6761610000e5ebc5733401b4689b2064458e7d
7fUtt9kVZOyn9LWy0JbDRI,Agnetha Fältskog,75929,44,https://open.spotify.com/artist/7fUtt9kVZOyn9LWy0JbDRI,https://i.scdn.co/image/30a5b4f8de26073a2972f23960b4aef1a96dc1c2
4mxWe1mtYIYfP040G38yvS,Alan Jackson,2118498,71,https://open.spotify.com/artist/4mxWe1mtYIYfP040G38yvS,https://i.scdn.co/image/ab6772690000c46c1dce50b93ca0b1e2f459d9e6
5aygfDCEaX5KTZOxSCpT9o,Albert King,390506,49,https://open.spotify.com/artist/5aygfDCEaX5KTZOxSCpT9o,https://i.scdn.co/image/bfb61e8da152782920e42784c2a72eed8620afc1
3EhbVgyfGd7HkpsagwL9GS,Alice Cooper,3177942,64,https://open.spotify.com/artist/3EhbVgyfGd7HkpsagwL9GS,https://i.scdn.co/image/ab6761610000e5ebb5687d33f85251658264d9f4
5J6L7N6B4nI1M5cwa29mQG,Alison Krauss,322460,59,https://open.spotify.com/artist/5J6L7N6B4nI1M5cwa29mQG,https://i.scdn.co/image/ab6761610000e5ebef2f63ac843a711e39f6b8e5
3vAaWhdBR38Q02ohXqaNHT,The All-American Rejects,2393112,66,https://open.spotify.com/artist/3vAaWhdBR38Q02ohXqaNHT,https://i.scdn.co/image/ab6761610000e5ebb57332e3fc2b97bb33577e65
4wQ3PyMz3WwJGI5uEqHUVR,Allman Brothers Band,1378020,62,https://open.spotify.com/artist/4wQ3PyMz3WwJGI5uEqHUVR,https://i.scdn.co/image/ab6772690000c46c08f5d15585b77b0cb059717b
6Q192DXotxtaysaqNPy5yR,Amy Winehouse,8108318,74,https://open.spotify.com/artist/6Q192DXotxtaysaqNPy5yR,https://i.scdn.co/image/ab6761610000e5eb2ceb023b10da17590878e88c
3hJv5p2HwekJysNB2NDnEC,André Rieu,915833,59,https://open.spotify.com/artist/3hJv5p2HwekJysNB2NDnEC,https://i.scdn.co/image/ab6761610000e5eb163afca22a9c918bfcedbd09
3EA9hVIzKfFiQI0Kikz2wo,Andrea Bocelli,2249653,67,https://open.spotify.com/artist/3EA9hVIzKfFiQI0Kikz2wo,https://i.scdn.co/image/ab6761610000e5eb9855fec05d30c66590e60f7a
4YJR4xviDKHoelt9WKHlBa,Andrew W.K.,146190,51,https://open.spotify.com/artist/4YJR4xviDKHoelt9WKHlBa,https://i.scdn.co/image/ab6761610000e5eb015066199934132a672b4407
3JysSUOyfVs1UQ0UaESheP,Anthrax,1400247,56,https://open.spotify.com/artist/3JysSUOyfVs1UQ0UaESheP,https://i.scdn.co/image/9c13e8d805f8ba3a676dc272b0e2e237cdcf41a5
3pO5VjZ4wOHCMBXOvbMISG,Antônio Carlos Jobim,558310,64,https://open.spotify.com/artist/3pO5VjZ4wOHCMBXOvbMISG,https://i.scdn.co/image/25438d99922a46a53792e1496b31159ad386806a
4sLklwvfOYr12fMGwrnlc7,Apache Indian,15085,38,https://open.spotify.com/artist/4sLklwvfOYr12fMGwrnlc7,https://i.scdn.co/image/ab6761610000e5eb6ebf8087544961cad9ad09c1
3kjuyTCjPG1WMFCiyc5IuB,Arcade Fire,2136017,65,https://open.spotify.com/artist/3kjuyTCjPG1WMFCiyc5IuB,https://i.scdn.co/image/ab6761610000e5eba044e15eee771205956dcbf8
66CXWjxzNUsdJxJ2JdwvnR,Ariana Grande,84421626,87,https://open.spotify.com/artist/66CXWjxzNUsdJxJ2JdwvnR,https://i.scdn.co/image/ab6761610000e5ebcdce7620dc940db079bf4952
5Va9LuEmaZxnbk1gMnjMD7,Arrested Development,239640,50,https://open.spotify.com/artist/5Va9LuEmaZxnbk1gMnjMD7,https://i.scdn.co/image/ab6761610000e5eb09f1ef3b76da5758e3bd7ad2
5rX2c1zow6hCph8PnnU3kF,Astrud Gilberto,196041,59,https://open.spotify.com/artist/5rX2c1zow6hCph8PnnU3kF,https://i.scdn.co/image/ab67616d0000b2730a2d5daaa98e0395fdf36c78
55LyOQNIa9J8wX6y6eJfc0,Aswad,156811,44,https://open.spotify.com/artist/55LyOQNIa9J8wX6y6eJfc0,https://i.scdn.co/image/6a44b7790cbd365efaf772a930dccf6710feabeb
0WgyCbru4tXnMsbTmX4mFw,Atlanta Rhythm Section,240856,48,https://open.spotify.com/artist/0WgyCbru4tXnMsbTmX4mFw,https://i.scdn.co/image/ab6761610000e5ebd8bf9437c1c695ca517c9710
2ziB7fzrXBoh1HUPS6sVFn,Audioslave,3912352,67,https://open.spotify.com/artist/2ziB7fzrXBoh1HUPS6sVFn,https://i.scdn.co/image/ab6761610000e5eb0f29906567ec56e01818c26b
5xLSa7l4IV1gsQfhAMvl0U,B.B. King,2472483,61,https://open.spotify.com/artist/5xLSa7l4IV1gsQfhAMvl0U,https://i.scdn.co/image/ffb3ff26238fe635a230bb0feb59dd0a5b209b6f
4pJCawaKSZ40EnxN0YEYw3,Badfinger,338089,57,https://open.spotify.com/artist/4pJCawaKSZ40EnxN0YEYw3,https://i.scdn.co/image/b97b494de7eb8619b1e2765ec5b0fe327e09b809
6d4jrmreCmsenscuieJERc,The Band CAMINO,316680,61,https://open.spotify.com/artist/6d4jrmreCmsenscuieJERc,https://i.scdn.co/image/ab6761610000e5ebd5d48086bd150eff12357f85
2pVMD4bFwl4AyoYyyo51Qg,Barclay James Harvest,146162,44,https://open.spotify.com/artist/2pVMD4bFwl4AyoYyyo51Qg,https://i.scdn.co/image/2bd9cca4cd9b7bc145272387fd62a8a96d6826fd
3rfgbfpPSfXY40lzRK7Syt,Barry White,1584719,63,https://open.spotify.com/artist/3rfgbfpPSfXY40lzRK7Syt,https://i.scdn.co/image/c00b771ca8b6241bcfe316f8e8a11072714e79ef
3oDbviiivRWhXwIE8hxkVV,The Beach Boys,3856583,70,https://open.spotify.com/artist/3oDbviiivRWhXwIE8hxkVV,https://i.scdn.co/image/ab6761610000e5eb92602f233ce2295748f44603
03r4iKL2g2442PT9n2UKsx,Beastie Boys,2345863,67,https://open.spotify.com/artist/03r4iKL2g2442PT9n2UKsx,https://i.scdn.co/image/705bcd56dc5dbf9ebc578a3ba8094e6d622862c2
3WrFJ7ztbogyGnTHbHJFl2,The Beatles,23831948,82,https://open.spotify.com/artist/3WrFJ7ztbogyGnTHbHJFl2,https://i.scdn.co/image/ab6761610000e5ebe9348cc01ff5d55971b22433
4obzFoKoKRHIphyHzJ35G3,Becky G,12559238,79,https://open.spotify.com/artist/4obzFoKoKRHIphyHzJ35G3,https://i.scdn.co/image/ab6761610000e5eb978f96761eb3fa26b91f1fb8
1LZEQNv7sE11VDY3SdxQeN,Bee Gees,6155364,75,https://open.spotify.com/artist/1LZEQNv7sE11VDY3SdxQeN,https://i.scdn.co/image/1d5a05673975ba0c378cd280344e000b0b865620
7xkAwz0bQTGDSbkofyQt3U,Belinda Carlisle,711739,59,https://open.spotify.com/artist/7xkAwz0bQTGDSbkofyQt3U,https://i.scdn.co/image/ab6761610000e5eb5b8aa1f522a5ac2df6972bcd
45lorWzrKLxfKlWpV7r9CN,Ben Harper,935788,60,https://open.spotify.com/artist/45lorWzrKLxfKlWpV7r9CN,https://i.scdn.co/image/ab6761610000e5eb335d3a49a350165c7926b213
5schNIzWdI9gJ1QRK8SBnc,Ben Howard,1948912,64,https://open.spotify.com/artist/5schNIzWdI9gJ1QRK8SBnc,https://i.scdn.co/image/ab6761610000e5eb7f6d3ce714aba5b2c38212dc
0kV0e99xlTJcLKSu8KrLyp,Benny Andersson,29112,46,https://open.spotify.com/artist/0kV0e99xlTJcLKSu8KrLyp,https://i.scdn.co/image/ab6761610000e5eb2bb5e483384133fe84f7e2fd
1h8YIw9HLr6E8gdXVDRbVJ,Big Country,213552,46,https://open.spotify.com/artist/1h8YIw9HLr6E8gdXVDRbVJ,https://i.scdn.co/image/9da85bf614f13433da4c789d13e815f664430809
3UvcmAOZt64oKpP95f6MMM,Big Star,133585,45,https://open.spotify.com/artist/3UvcmAOZt64oKpP95f6MMM,https://i.scdn.co/image/f14be5a9d0ae296706b8b46f39b4b5d8e8c34da3
4jXfFzeP66Zy67HM2mvIIF,Bill Evans,575599,61,https://open.spotify.com/artist/4jXfFzeP66Zy67HM2mvIIF,https://i.scdn.co/image/427eff99088d2a1be072a012f04e2406ee7cc24b
1YzCsTRb22dQkh9lghPIrp,Billie Holiday,1661818,65,https://open.spotify.com/artist/1YzCsTRb22dQkh9lghPIrp,https://i.scdn.co/image/4efa6b6871a0f672b78b3d16fd5a03c6cd212d58
1By9QBFnjZAoI83BZppHlt,Billy Currington,2425713,65,https://open.spotify.com/artist/1By9QBFnjZAoI83BZppHlt,https://i.scdn.co/image/b54b36596d1511fd262e8e60445689624cd1adca
7rtLZcKWGV4eaZsBwSKimf,Billy Fury,45886,42,https://open.spotify.com/artist/7rtLZcKWGV4eaZsBwSKimf,https://i.scdn.co/image/ab67616d0000b2734a1de3ce084f022f9017ccb2
0IecGJbdBeYSOVtSPRehh5,Billy Preston,99570,51,https://open.spotify.com/artist/0IecGJbdBeYSOVtSPRehh5,https://i.scdn.co/image/49bc10d9841773e35824e64018df6bcffe20be8b
7w29UYBi0qsHi5RTcv3lmA,Björk,1669034,63,https://open.spotify.com/artist/7w29UYBi0qsHi5RTcv3lmA,https://i.scdn.co/image/ab6761610000e5ebaeb5c04fdd8ec6273850d207
1yxSLGMDHlW21z4YXirZDS,Black Eyed Peas,6980722,80,https://open.spotify.com/artist/1yxSLGMDHlW21z4YXirZDS,https://i.scdn.co/image/ab6761610000e5ebabab30b094128cf4c0f2cef1
5M52tdBnJaKSvOpJGz8mfZ,Black Sabbath,6501842,72,https://open.spotify.com/artist/5M52tdBnJaKSvOpJGz8mfZ,https://i.scdn.co/image/5931700f9515dd6587230130beb615e0549e47dc
5keeQyPKYRxUCKDMECTXG3,Black Uhuru,328248,44,https://open.spotify.com/artist/5keeQyPKYRxUCKDMECTXG3,https://i.scdn.co/image/ab6761610000e5eb5444325144ecc7fc7649fd91
5GUVj2b1lJ4DolQyHlzyaO,Blind Faith,346584,46,https://open.spotify.com/artist/5GUVj2b1lJ4DolQyHlzyaO,https://i.scdn.co/image/7cb47aa5aba19de14aef71b7b55bdd391a199800
6FBDaR13swtiWwGhX1WQsP,blink-182,7247776,79,https://open.spotify.com/artist/6FBDaR13swtiWwGhX1WQsP,https://i.scdn.co/image/ab6761610000e5eb33639aaeecfcc5ebada97476
4tpUmLEVLCGFr93o8hFFIB,Blondie,1172428,68,https://open.spotify.com/artist/4tpUmLEVLCGFr93o8hFFIB,https://i.scdn.co/image/ab6761610000e5eb67dc4da82c968767d994f3c3
4PI5IHRvANLL76O5gRmGKL,Blue Cheer,59605,33,https://open.spotify.com/artist/4PI5IHRvANLL76O5gRmGKL,https://i.scdn.co/image/661cf1bec0ec058c2953bfc2e9a30ede162c8c0e
2bmixwMZXlkl2sbIbOfviq,Bo Diddley,290123,46,https://open.spotify.com/artist/2bmixwMZXlkl2sbIbOfviq,https://i.scdn.co/image/3c116fa8059a519a653f242c7e14feb43a4186d0
74ASZWbe4lXaubB36ztrGX,Bob Dylan,5831632,70,https://open.spotify.com/artist/74ASZWbe4lXaubB36ztrGX,https://i.scdn.co/image/ab6772690000c46cf79ca05dcc1581c712bf3658
2QsynagSdAqZj3U9HgDzjD,Bob Marley & The Wailers,10968167,76,https://open.spotify.com/artist/2QsynagSdAqZj3U9HgDzjD,https://i.scdn.co/image/b5aae2067db80f694a980e596e7f49618c1206c9
58lV9VcRSjABbAbfWS6skp,Bon Jovi,11370973,76,https://open.spotify.com/artist/58lV9VcRSjABbAbfWS6skp,https://i.scdn.co/image/ab6761610000e5eb0b8d424042d51bb8ee412ffe
4KDyYWR7IpxZ7xrdYbKrqY,Bonnie Raitt,582672,58,https://open.spotify.com/artist/4KDyYWR7IpxZ7xrdYbKrqY,https://i.scdn.co/image/ab6761610000e5ebe86f788af4e127154da1257f
5O2Gph0YtABIs0zaP65nlm,Booker T.,1800,33,https://open.spotify.com/artist/5O2Gph0YtABIs0zaP65nlm,https://i.scdn.co/image/ab67616d0000b273f0c73026289ea3e62a37b7f6
6O74knDqdv3XaWtkII7Xjp,Boyz II Men,2600511,64,https://open.spotify.com/artist/6O74knDqdv3XaWtkII7Xjp,https://i.scdn.co/image/c8b0d67be35852171d04d7309c2cfe1992a8a4eb
5q8HGNo0BjLWaTAhRtbwxa,Brantley Gilbert,2694310,65,https://open.spotify.com/artist/5q8HGNo0BjLWaTAhRtbwxa,https://i.scdn.co/image/ab6761610000e5eb891ad6bfade113366ffb7698
3nXMZsj1H0F7h9SDUeYNjg,Brenda Holloway,39771,30,https://open.spotify.com/artist/3nXMZsj1H0F7h9SDUeYNjg,https://i.scdn.co/image/ab67616d0000b273e1b457da33ad6c1aa91f79e3
7MSUfLeTdDEoZiJPDSBXgi,Brian Eno,617804,59,https://open.spotify.com/artist/7MSUfLeTdDEoZiJPDSBXgi,https://i.scdn.co/image/ab6761610000e5ebf4354b8e4e0fb2860e1c3694
6h3rSZ8VLK7a5vXjEmhfuD,The Brothers Johnson,350038,51,https://open.spotify.com/artist/6h3rSZ8VLK7a5vXjEmhfuD,https://i.scdn.co/image/da974f58395fa763d0559071e73774cdc54ff3f9
3eqjTLE0HfPfh78zjh6TqT,Bruce Springsteen,5117474,74,https://open.spotify.com/artist/3eqjTLE0HfPfh78zjh6TqT,https://i.scdn.co/image/ab6761610000e5ebf7cac48c6b587b927ba73f4e
3Z02hBLubJxuFJfhacLSDc,Bryan Adams,2807985,73,https://open.spotify.com/artist/3Z02hBLubJxuFJfhacLSDc,https://i.scdn.co/image/ab6761610000e5eb8009ff2c16ef26e06e4d6623
5RNFFojXkPRmlJZIwXeKQC,Bryan Ferry,496023,57,https://open.spotify.com/artist/5RNFFojXkPRmlJZIwXeKQC,https://i.scdn.co/image/ab6761610000e5eb039e35b7703bade5d61bd906
2gCsNOpiBaMNh20jQ5prf0,Buddy Guy,740291,53,https://open.spotify.com/artist/2gCsNOpiBaMNh20jQ5prf0,https://i.scdn.co/image/ab6761610000e5ebb421cddbc392e714006f6606
3wYyutjgII8LJVVOLrGI0D,Buddy Holly,1104264,57,https://open.spotify.com/artist/3wYyutjgII8LJVVOLrGI0D,https://i.scdn.co/image/ff6c6ecd90618f5fb0f8fbf51bf8477586c8843b
6qaKS0nzGP4hfjl4aFZmEU,Burning Spear,433166,47,https://open.spotify.com/artist/6qaKS0nzGP4hfjl4aFZmEU,https://i.scdn.co/image/be146a84cc7f88594eba0ef842a7dc3ce7836b24
35y7CZMg7jbG8Q96JY7dyC,Burt Bacharach,166985,46,https://open.spotify.com/artist/35y7CZMg7jbG8Q96JY7dyC,https://i.scdn.co/image/2e924297cd6811acae0540d5fb7e4870593b14bf
1nivFfWu6oXBFDNyVfFU5x,The Cadillac Three,154799,57,https://open.spotify.com/artist/1nivFfWu6oXBFDNyVfFU5x,https://i.scdn.co/image/ab6761610000e5ebb2845a40fdd4133cce1f036c
4bwIf0yXJf0F9AmOl2J78M,Camellia,157736,52,https://open.spotify.com/artist/4bwIf0yXJf0F9AmOl2J78M,https://i.scdn.co/image/ab6761610000e5ebc1f9dd30f82038e91e865d82
27a0GiCba9K9lnkKidroFU,Canned Heat,543808,56,https://open.spotify.com/artist/27a0GiCba9K9lnkKidroFU,https://i.scdn.co/image/ab6761610000e5ebe205bb8e13cd75d79b9a6c44
2k8kY9zHUWxuTtwV4UutHw,Captain Beefheart & His Magic Band,173309,44,https://open.spotify.com/artist/2k8kY9zHUWxuTtwV4UutHw,https://i.scdn.co/image/49afcbded4da4e8f8508fb499422beb3141147a2
37J1PlAkhRK7yrZUtqaUpQ,Caravan Palace,928710,59,https://open.spotify.com/artist/37J1PlAkhRK7yrZUtqaUpQ,https://i.scdn.co/image/ab6761610000e5ebdedbe7030797b73b6a77e39f
1eEfMU2AhEo7XnKgL7c304,Carpenters,2571993,65,https://open.spotify.com/artist/1eEfMU2AhEo7XnKgL7c304,https://i.scdn.co/image/ed45f575339b044d7168780a15ff457b85be851a
08F3Y3SctIlsOEmKd6dnH8,Yusuf / Cat Stevens,1602816,67,https://open.spotify.com/artist/08F3Y3SctIlsOEmKd6dnH8,https://i.scdn.co/image/ab6761610000e5ebcff97c36c1d9a2a1d421966c
4Ww5mwS7BWYjoZTUIrMHfC,Charlie Parker,532130,49,https://open.spotify.com/artist/4Ww5mwS7BWYjoZTUIrMHfC,https://i.scdn.co/image/ab6761610000e5eb5642427a0fb3988948c9bec4
1LB8qB5BPb3MHQrfkvifXU,Cheap Trick,1245364,61,https://open.spotify.com/artist/1LB8qB5BPb3MHQrfkvifXU,https://i.scdn.co/image/ab6772690000c46c5ad27b7aba43e761f7e3ec46
1GhPHrq36VKCY3ucVaZCfo,The Chemical Brothers,1801459,60,https://open.spotify.com/artist/1GhPHrq36VKCY3ucVaZCfo,https://i.scdn.co/image/ab6761610000e5ebae05213e52565bfd7e7489b3
3uk3Jz2yT37niCo3c5GMf2,CHERRYFILTER,8496,27,https://open.spotify.com/artist/3uk3Jz2yT37niCo3c5GMf2,https://i.scdn.co/image/ab67616d0000b273d0493658f351b1972a3f174a
0XHiH53dHrvbwfjYM7en7I,Chris Cornell,1878849,59,https://open.spotify.com/artist/0XHiH53dHrvbwfjYM7en7I,https://i.scdn.co/image/85eb1c9e95d3b74bd7304e8b89d7c48601f07845
4YLtscXsxbVgi031ovDDdh,Chris Stapleton,4945888,76,https://open.spotify.com/artist/4YLtscXsxbVgi031ovDDdh,https://i.scdn.co/image/ab6761610000e5eba0c87c8f329b436eac8b9784
293zczrfYafIItmnmM3coR,Chuck Berry,1681422,64,https://open.spotify.com/artist/293zczrfYafIItmnmM3coR,https://i.scdn.co/image/d58323616d4f5d22b51e9dfe0ba53aedabe53cd4
7HL4id2U7FSDJtfKQHMgQx,Cinderella,1457913,57,https://open.spotify.com/artist/7HL4id2U7FSDJtfKQHMgQx,https://i.scdn.co/image/ab6761610000e5ebaa397a18bdfd4c1dd44557c9
3RGLhK1IP9jnYFH4BRFJBS,The Clash,2409196,69,https://open.spotify.com/artist/3RGLhK1IP9jnYFH4BRFJBS,https://i.scdn.co/image/ab470b275daa38351810a1eb91d107ebdb821302
4eeRviM714mXXeILmKHxh2,Climax Blues Band,77401,43,https://open.spotify.com/artist/4eeRviM714mXXeILmKHxh2,https://i.scdn.co/image/e3c7e14808087e271f34550089881ee74f89c704
0JM134st8VY7Ld9T2wQiH0,Coleman Hawkins,116796,49,https://open.spotify.com/artist/0JM134st8VY7Ld9T2wQiH0,https://i.scdn.co/image/ab6761610000e5eb3c0789f0ae8538e9e24a7d15
6twIAGnYuIT1pncMAsXnEm,Commodores,1577725,63,https://open.spotify.com/artist/6twIAGnYuIT1pncMAsXnEm,https://i.scdn.co/image/ab6761610000e5eb21a213a4fe1a6f9b45d3f7f9
2GHclqNVjqGuiE5mA7BEoc,Common,841233,61,https://open.spotify.com/artist/2GHclqNVjqGuiE5mA7BEoc,https://i.scdn.co/image/ab6761610000e5ebfb368ffc33165c47d45ec2cc
18h3nc5ixeV80KKGWDAaMG,The Common Linnets,56018,45,https://open.spotify.com/artist/18h3nc5ixeV80KKGWDAaMG,https://i.scdn.co/image/ab6761610000e5eb7e65fdac8ba62383784c5632
29WzbAQtDnBJF09es0uddn,Corinne Bailey Rae,703778,61,https://open.spotify.com/artist/29WzbAQtDnBJF09es0uddn,https://i.scdn.co/image/914ae1ce7fb065cfb0c89794e5e41c6eca758df3
2jFZlvIea42ZvcCw4OeEdA,Count Basie,316067,60,https://open.spotify.com/artist/2jFZlvIea42ZvcCw4OeEdA,https://i.scdn.co/image/4f5e6383a803df41153fd871f6d0d0af7b9f08a0
0vEsuISMWAKNctLlUAhSZC,Counting Crows,1556953,67,https://open.spotify.com/artist/0vEsuISMWAKNctLlUAhSZC,https://i.scdn.co/image/ab6761610000e5eba6f88c86470fd6350f4a5535
526q7RxT5KA1VGeQ5GMSHO,Craig Armstrong,72912,54,https://open.spotify.com/artist/526q7RxT5KA1VGeQ5GMSHO,https://i.scdn.co/image/ab6761610000e5eb941076133918666f0fe65710
7t0rwkOPGlDPEhaOcVtOt9,The Cranberries,3081380,71,https://open.spotify.com/artist/7t0rwkOPGlDPEhaOcVtOt9,https://i.scdn.co/image/143c01f407ed64a4b3bcbc92d24c05ef80981251
74oJ4qxwOZvX6oSsu1DGnw,Cream,2027281,61,https://open.spotify.com/artist/74oJ4qxwOZvX6oSsu1DGnw,https://i.scdn.co/image/aab6a0a0e9ca2ab17460b0451e59ba507cc5802a
3IYUhFvPQItj6xySrBmZkd,Creedence Clearwater Revival,5362489,77,https://open.spotify.com/artist/3IYUhFvPQItj6xySrBmZkd,https://i.scdn.co/image/ab6761610000e5ebd2e2b04b7ba5d60b72f54506
7ohlPA8dRBtCf92zaZCaaB,Crowded House,698027,64,https://open.spotify.com/artist/7ohlPA8dRBtCf92zaZCaaB,https://i.scdn.co/image/ab6761610000e5eb067f481c1d454bf928bbe812
6kz53iCdBSqhQCZ21CoLcc,Culture Club,1323473,62,https://open.spotify.com/artist/6kz53iCdBSqhQCZ21CoLcc,https://i.scdn.co/image/ab6761610000e5eb5903965a15551fd12feb8b87
7bu3H8JO7d0UbMoVzbo70s,The Cure,4024037,74,https://open.spotify.com/artist/7bu3H8JO7d0UbMoVzbo70s,https://i.scdn.co/image/7ca743e822b80133971ccf5c70fcbd77a4f4f508
3cniTumSiUysiPWXapGx1i,Cutting Crew,336801,60,https://open.spotify.com/artist/3cniTumSiUysiPWXapGx1i,https://i.scdn.co/image/ab6761610000e5eb5677d41157dee225b3633737
336vr2M3Va0FjyvB55lJEd,D'Angelo,1136180,59,https://open.spotify.com/artist/336vr2M3Va0FjyvB55lJEd,https://i.scdn.co/image/c69197fa9d01ec73e2617525b920e76b550ba2e2
1HwM5zlC5qNWhJtM00yXzG,DMX,3795028,69,https://open.spotify.com/artist/1HwM5zlC5qNWhJtM00yXzG,https://i.scdn.co/image/ab6772690000c46c3074f51af22630a1c86da016
6VeL8VhaMjHTPc5uovFl3h,The Damned,308601,47,https://open.spotify.com/artist/6VeL8VhaMjHTPc5uovFl3h,https://i.scdn.co/image/ab6761610000e5ebf6a1a78924d30ae1e9adb1b6
59r5UU2HOytn9V5uMZ5Vur,Daniel Hope,30800,64,https://open.spotify.com/artist/59r5UU2HOytn9V5uMZ5Vur,https://i.scdn.co/image/ab6761610000e5ebf4ff0728843973decb486e5b
2qsc1hUhG2UrNZhByveJ6x,Danny Wilson,18015,43,https://open.spotify.com/artist/2qsc1hUhG2UrNZhByveJ6x,https://i.scdn.co/image/cabd8dc86a8d6405915452360e0dd6ebeae0fc74
0oSGxfWSnnOXhD2fKuz2Gy,David Bowie,8645657,76,https://open.spotify.com/artist/0oSGxfWSnnOXhD2fKuz2Gy,https://i.scdn.co/image/ab6761610000e5ebb78f77c5583ae99472dd4a49
49e4v89VmlDcFCMyDv9wQ9,Dean Martin,1379900,67,https://open.spotify.com/artist/49e4v89VmlDcFCMyDv9wQ9,https://i.scdn.co/image/492d4ece2bf7c87952be47359f038182fbf15d9d
6is2U7I1jlI8PjxNZOHIMV,DeBarge,528937,55,https://open.spotify.com/artist/6is2U7I1jlI8PjxNZOHIMV,https://i.scdn.co/image/ab67616d0000b2737a5a52177044460e8e5060ae
568ZhdwyaiCyOGJRtNYhWf,Deep Purple,4722286,65,https://open.spotify.com/artist/568ZhdwyaiCyOGJRtNYhWf,https://i.scdn.co/image/ab6761610000e5eb23a7b4c49d285729a974d6dd
6H1RjVyNruCmrBEWRbD0VZ,Def Leppard,4052919,68,https://open.spotify.com/artist/6H1RjVyNruCmrBEWRbD0VZ,https://i.scdn.co/image/ab6761610000e5eb18410be0ab6355af4422763d
6S2OmqARrzebs0tKUEyXyp,Demi Lovato,23489856,79,https://open.spotify.com/artist/6S2OmqARrzebs0tKUEyXyp,https://i.scdn.co/image/ab6761610000e5eb6659b1cb61936bd7bcb229a2
0J9mbwg4BquN4XlHzdMK3X,Demis Roussos,282704,51,https://open.spotify.com/artist/0J9mbwg4BquN4XlHzdMK3X,https://i.scdn.co/image/1052c6690062dc1ad53d8562b37cc48df06e2c46
2rc78XDH9zuJP6bm78lU8Z,Derek & The Dominos,598464,57,https://open.spotify.com/artist/2rc78XDH9zuJP6bm78lU8Z,https://i.scdn.co/image/cfec75171b6394ae543eb906e86e4d50cbafd9dc
1FcB6xMihhP9Hb6AdGVbWe,Desmond Dekker,126094,48,https://open.spotify.com/artist/1FcB6xMihhP9Hb6AdGVbWe,https://i.scdn.co/image/ab6761610000e5ebd00979f281c9a66deb14b100
5z1VAFwT35EVvCp1XlZZuL,Diana Krall,993288,62,https://open.spotify.com/artist/5z1VAFwT35EVvCp1XlZZuL,https://i.scdn.co/image/ab6761610000e5ebd1bfc97e11bb4c1f90f287a6
3MdG05syQeRYPPcClLaUGl,Diana Ross,1514774,65,https://open.spotify.com/artist/3MdG05syQeRYPPcClLaUGl,https://i.scdn.co/image/ab6761610000e5ebdb59e1c017a93648b119f0cc
0rXI0q8Cahq6numvPlloaq,Diana Ross & The Supremes,73606,47,https://open.spotify.com/artist/0rXI0q8Cahq6numvPlloaq,https://i.scdn.co/image/88bdc48ca59df15577c18d66c7ec9a3fdedf1666
7x8nK0m0cP2ksQf0mjWdPS,Dierks Bentley,2913727,68,https://open.spotify.com/artist/7x8nK0m0cP2ksQf0mjWdPS,https://i.scdn.co/image/ab6761610000e5eb216761ffe7a997ad324be2bf
32LHRiof0sa4taYew9i3Fa,Dinah Washington,415548,57,https://open.spotify.com/artist/32LHRiof0sa4taYew9i3Fa,https://i.scdn.co/image/219cf4ef5ee4065d4b431da35b9997aaa7293c8d
4CYeVo5iZbtYGBN4Isc3n6,Dio,2151943,61,https://open.spotify.com/artist/4CYeVo5iZbtYGBN4Isc3n6,https://i.scdn.co/image/ab6761610000e5eb555c8199ba80168cfeafdfbc
0WwSkZ7LtFUFjGjMZBMt6T,Dire Straits,6134155,74,https://open.spotify.com/artist/0WwSkZ7LtFUFjGjMZBMt6T,https://i.scdn.co/image/ab6761610000e5eb4bdaa8c5e65b64f50549c393
6nS5roXSAGhTGr34W6n7Et,Disclosure,2068702,72,https://open.spotify.com/artist/6nS5roXSAGhTGr34W6n7Et,https://i.scdn.co/image/ab6761610000e5ebdb837f585ebd024a0221a814
5dbuFbrHa1SJlQhQX9OUJ2,Don Henley,1335209,62,https://open.spotify.com/artist/5dbuFbrHa1SJlQhQX9OUJ2,https://i.scdn.co/image/e3bb4b09ffbf0a8f420ae14837208056cf64451e
2eogQKWWoohI3BSnoG7E2U,Donna Summer,1614664,63,https://open.spotify.com/artist/2eogQKWWoohI3BSnoG7E2U,https://i.scdn.co/image/ab6761610000e5eb2e6648e78ee43fa0357dafd0
22WZ7M8sxp5THdruNY3gXt,The Doors,6859605,71,https://open.spotify.com/artist/22WZ7M8sxp5THdruNY3gXt,https://i.scdn.co/image/ab6761610000e5eb440959e022afc20e819050bd
6DPYiyq5kWVQS4RGwxzPC7,Dr. Dre,8237512,78,https://open.spotify.com/artist/6DPYiyq5kWVQS4RGwxzPC7,https://i.scdn.co/image/83d2489cade1dadcdc533ddbcd74993d0ca6d4cb
3TVXtAsR1Inumwj472S9r4,Drake,68290331,94,https://open.spotify.com/artist/3TVXtAsR1Inumwj472S9r4,https://i.scdn.co/image/ab6761610000e5eb4293385d324db8558179afd9
4F7Q5NV6h5TSwCainz8S5A,Duke Ellington,793716,56,https://open.spotify.com/artist/4F7Q5NV6h5TSwCainz8S5A,https://i.scdn.co/image/1e24691a352233bbe989a311d921f17e7892a87e
5zaXYwewAXedKNCff45U5l,Dusty Springfield,380117,63,https://open.spotify.com/artist/5zaXYwewAXedKNCff45U5l,https://i.scdn.co/image/8b2bbbe1dde191c637271fab24ff66fda4faf4fa
3zunDAtRDg7kflREzWAhxl,Eels,412124,57,https://open.spotify.com/artist/3zunDAtRDg7kflREzWAhxl,https://i.scdn.co/image/ab6761610000e5eb70fc0f8e1eece53e15f1db17
3zpKjsMg2gw1St5WcWoUJN,EPMD,350048,51,https://open.spotify.com/artist/3zpKjsMg2gw1St5WcWoUJN,https://i.scdn.co/image/05b891a72c523a052a810172525bd317693530e4
0ECwFtbIWEVNwjlrfc6xoL,Eagles,8738038,74,https://open.spotify.com/artist/0ECwFtbIWEVNwjlrfc6xoL,https://i.scdn.co/image/ab6761610000e5eb0767e116a2307495e37cd7fb
02uYdhMhCgdB49hZlYRm9o,Eagles Of Death Metal,498089,53,https://open.spotify.com/artist/02uYdhMhCgdB49hZlYRm9o,https://i.scdn.co/image/9084649cb287a4cd52b6955fe9f5dd647fc4e431
7B4hKK0S9QYnaoqa9OuwgX,Eazy-E,4383670,64,https://open.spotify.com/artist/7B4hKK0S9QYnaoqa9OuwgX,https://i.scdn.co/image/86dccc14ded05c08b96d314a5b0ddf95bb01f013
1p0t3JtUTayV2wb1RGN9mO,Eddie Cochran,283624,51,https://open.spotify.com/artist/1p0t3JtUTayV2wb1RGN9mO,https://i.scdn.co/image/598642ecbc39004cdbb63dd018042db59b0385e5
0TJB3EE2efClsYIDQ8V2Jk,Elbow,482538,53,https://open.spotify.com/artist/0TJB3EE2efClsYIDQ8V2Jk,https://i.scdn.co/image/ab6761610000e5eb775b05a76601167324c5df15
5V0MlUE1Bft0mbLlND7FJz,Ella Fitzgerald,2188436,67,https://open.spotify.com/artist/5V0MlUE1Bft0mbLlND7FJz,https://i.scdn.co/image/3c1d23141059785c8a863137d176319329dc17ef
2ApaG60P4r0yhBoDCGD8YG,Elliott Smith,834051,63,https://open.spotify.com/artist/2ApaG60P4r0yhBoDCGD8YG,https://i.scdn.co/image/ab6761610000e5eb079739b801ab3f105866b76f
3PhoLpVuITZKcymswpck5b,Elton John,10301426,83,https://open.spotify.com/artist/3PhoLpVuITZKcymswpck5b,https://i.scdn.co/image/ab6761610000e5eb0a7388b95df960b5c0da8970
2BGRfQgtzikz1pzAD0kaEn,Elvis Costello,489591,56,https://open.spotify.com/artist/2BGRfQgtzikz1pzAD0kaEn,https://i.scdn.co/image/ab6761610000e5ebbd95594d3201ab9c7b0349e6
43ZHCT0cAZBISjO8DG9PnE,Elvis Presley,7393662,79,https://open.spotify.com/artist/43ZHCT0cAZBISjO8DG9PnE,https://i.scdn.co/image/ab6761610000e5eb9a93e273380982dff84c0d7c
7sfgqEdoeBTjd8lQsPT3Cy,Emeli Sandé,2209242,63,https://open.spotify.com/artist/7sfgqEdoeBTjd8lQsPT3Cy,https://i.scdn.co/image/ab6761610000e5eb6abccf4ccf3a6d774ad58e1a
7dGJo4pcD2V6oG8kP0tJRR,Eminem,61012923,90,https://open.spotify.com/artist/7dGJo4pcD2V6oG8kP0tJRR,https://i.scdn.co/image/ab6761610000e5eba00b11c129b27a88fc72f36b
3DmG65yHQsMms7WAvrZOdt,Enigma,720406,61,https://open.spotify.com/artist/3DmG65yHQsMms7WAvrZOdt,https://i.scdn.co/image/ab6761610000e5eb164b51afe7db16a6e6c063c3
6jHG1YQkqgojdEzerwvrVv,Eric B. & Rakim,584095,52,https://open.spotify.com/artist/6jHG1YQkqgojdEzerwvrVv,https://i.scdn.co/image/3749993d2b60bbbaa02602a09737f2107cbae4dd
2IvkS5MXK0vPGnwyJsrEyV,Eric Church,3555153,70,https://open.spotify.com/artist/2IvkS5MXK0vPGnwyJsrEyV,https://i.scdn.co/image/ab6761610000e5eb16270287e763424c8105beb8
6PAt558ZEZl0DmdXlnjMgD,Eric Clapton,5068080,70,https://open.spotify.com/artist/6PAt558ZEZl0DmdXlnjMgD,https://i.scdn.co/image/ab6772690000c46ca60e8f215103f6841d8a83f0
0iOVhN3tnSvgDbcg25JoJb,Etta James,1396765,65,https://open.spotify.com/artist/0iOVhN3tnSvgDbcg25JoJb,https://i.scdn.co/image/ab6761610000e5eb058531dfd9746a96ad85265f
5nGIFgo0shDenQYSE0Sn7c,Evanescence,3569774,70,https://open.spotify.com/artist/5nGIFgo0shDenQYSE0Sn7c,https://i.scdn.co/image/ab6761610000e5eb7ecf213c7dd78e0049379c5b
58oPVy7oihAEXE0Ott6JOf,Eve,1757763,66,https://open.spotify.com/artist/58oPVy7oihAEXE0Ott6JOf,https://i.scdn.co/image/ab6761610000e5eb45f6762cc91177b960e7ca2b
6w7j5wQ5AI5OQYlcM15s2L,Extreme,469729,60,https://open.spotify.com/artist/6w7j5wQ5AI5OQYlcM15s2L,https://i.scdn.co/image/ab6761610000e5ebe519dc8b1cad0097d2c7fa53
2LIdnZDzySb04oH40be1fR,Fairport Convention,101985,44,https://open.spotify.com/artist/2LIdnZDzySb04oH40be1fR,https://i.scdn.co/image/f08b61d2f289195b7f29035056f7743935e87e60
09C0xjtosNAIXP36wTnWxd,Fats Domino,453980,55,https://open.spotify.com/artist/09C0xjtosNAIXP36wTnWxd,https://i.scdn.co/image/ab6761610000e5eb5305958de2ad389172f3cd78
6jPriOYMyUL9kNonBI1CNd,Faustix,34075,55,https://open.spotify.com/artist/6jPriOYMyUL9kNonBI1CNd,https://i.scdn.co/image/ab6761610000e5eb2853037f88fcec9e9500b592
3r17AfJCCUqC9Lf0OAc73G,Fergie,5146635,68,https://open.spotify.com/artist/3r17AfJCCUqC9Lf0OAc73G,https://i.scdn.co/image/ab6761610000e5eb1fd1c6d465e03a904d63c9b5
1moxjboGR7GNWYIMWsRjgG,Florence + The Machine,6062626,74,https://open.spotify.com/artist/1moxjboGR7GNWYIMWsRjgG,https://i.scdn.co/image/ab6761610000e5ebe3c37f869b830d1cf1ec829a
0rESpKEusFHxhW59MIf7eM,The Flying Burrito Brothers,129721,44,https://open.spotify.com/artist/0rESpKEusFHxhW59MIf7eM,https://i.scdn.co/image/ab67616d0000b27317ae9a89af00eb9f456217be
7fIvjotigTGWqjIz6EP1i4,Four Tops,964443,61,https://open.spotify.com/artist/7fIvjotigTGWqjIz6EP1i4,https://i.scdn.co/image/b4cebe6215c58efaf06407961a99c458e537050a
1wvlC6NwleHt1iRD6d5X2C,Foxy Brown,583605,55,https://open.spotify.com/artist/1wvlC6NwleHt1iRD6d5X2C,https://i.scdn.co/image/7b45e618a057dfcad3202190e165956f52eb8004
1Mxqyy3pSjf8kZZL4QVxS0,Frank Sinatra,5855075,75,https://open.spotify.com/artist/1Mxqyy3pSjf8kZZL4QVxS0,https://i.scdn.co/image/fc4e0f474fb4c4cb83617aa884dc9fd9822d4411
6ra4GIOgCZQZMOaUECftGN,Frank Zappa,790965,57,https://open.spotify.com/artist/6ra4GIOgCZQZMOaUECftGN,https://i.scdn.co/image/e1c04d8144371d6a6ac39c7f15a1c2a9f67a0c50
1mZu3rO7qSD09GdDpePHhY,Frankie Goes To Hollywood,669767,56,https://open.spotify.com/artist/1mZu3rO7qSD09GdDpePHhY,https://i.scdn.co/image/ab6761610000e5ebe7efd9cceef0829d1439b11e
4M1FpEWs2PeYfJe7xxJfhH,Freddie Mercury,5990275,58,https://open.spotify.com/artist/4M1FpEWs2PeYfJe7xxJfhH,https://i.scdn.co/image/ab6761610000e5eb1052b77abd7f89485562d797
4596e2d3KmYzAeVenjCxfj,Free Nationals,227695,61,https://open.spotify.com/artist/4596e2d3KmYzAeVenjCxfj,https://i.scdn.co/image/ab6761610000e5eb98bcf91183b8a28e6dd029d3
5uOVb4hLSQVbHbVVt27tV1,Frida,28621,39,https://open.spotify.com/artist/5uOVb4hLSQVbHbVVt27tV1,https://i.scdn.co/image/c464f8611b27fbf0e0906c01ad3fccba114c6eaa
0NbfKEOTQCcwd6o7wSDOHI,The Game,4244236,73,https://open.spotify.com/artist/0NbfKEOTQCcwd6o7wSDOHI,https://i.scdn.co/image/ab6761610000e5eba657aa5506945d264e147244
5cMgGlA1xGyeAB2ctYlRdZ,Gang Starr,804460,61,https://open.spotify.com/artist/5cMgGlA1xGyeAB2ctYlRdZ,https://i.scdn.co/image/ab6761610000e5eb85ee94998a936ef47231db39
23wr9RJZg0PmYvVFyNkQ4j,Gary Moore,572997,57,https://open.spotify.com/artist/23wr9RJZg0PmYvVFyNkQ4j,https://i.scdn.co/image/ab6761610000e5eb445df6e3ccdb1684b75ab7b6
2YODXXiVE8ABc0TfihLOFj,Gene Krupa,41771,32,https://open.spotify.com/artist/2YODXXiVE8ABc0TfihLOFj,https://i.scdn.co/image/cc3e436bb18d89af17f74bb28ff960b4e27f9cf1
5VAHm7V5mnsxvQrWw3KHmx,Gene Vincent,117208,43,https://open.spotify.com/artist/5VAHm7V5mnsxvQrWw3KHmx,https://i.scdn.co/image/7e8504fa090b9251bd6d02a41dfa9566dbdb36a7
3CkvROUTQ6nRi9yQOcsB50,Genesis,2817659,67,https://open.spotify.com/artist/3CkvROUTQ6nRi9yQOcsB50,https://i.scdn.co/image/ab6761610000e5ebdfb2b3c69199bc2dfbf3e5b9
1hrQ50kU6hMQBVLatqUqnO,Gentle Giant,188384,44,https://open.spotify.com/artist/1hrQ50kU6hMQBVLatqUqnO,https://i.scdn.co/image/ab6761610000e5eba66894a8af6541d3019e1d7a
4N8BwYTEC6XqykGvXXlmfv,George Benson,650614,62,https://open.spotify.com/artist/4N8BwYTEC6XqykGvXXlmfv,https://i.scdn.co/image/ab6761610000e5eb487b00fa17362b8eab3b16c8
7FIoB5PHdrMZVC3q2HE5MS,George Harrison,2273417,65,https://open.spotify.com/artist/7FIoB5PHdrMZVC3q2HE5MS,https://i.scdn.co/image/ab6761610000e5eb7fda8adcbe0cd99ec83a3bcf
19ra5tSw0tWufvUp8GotLo,George Michael,3957820,71,https://open.spotify.com/artist/19ra5tSw0tWufvUp8GotLo,https://i.scdn.co/image/ab6761610000e5ebf8b74c36ba6c31fc0f58783c
5vngPClqofybhPERIqQMYd,George Strait,3451229,71,https://open.spotify.com/artist/5vngPClqofybhPERIqQMYd,https://i.scdn.co/image/ab6761610000e5eb77f28b2422efbabde324291c
4n31svBA9GGIYxGxgrQaRK,George Thorogood & The Destroyers,771685,58,https://open.spotify.com/artist/4n31svBA9GGIYxGxgrQaRK,https://i.scdn.co/image/ab6761610000e5eb757998cdb9826e05ca888216
0mopUs7SL5szuPOcOsS73A,Georgie Fame & The Blue Flames,9336,32,https://open.spotify.com/artist/0mopUs7SL5szuPOcOsS73A,https://i.scdn.co/image/ab67616d0000b273dc58ed3d2d8a54bd846fa43f
6FD0unjzGQhX3b6eMccMJe,Ghostface Killah,750956,66,https://open.spotify.com/artist/6FD0unjzGQhX3b6eMccMJe,https://i.scdn.co/image/ee2180486a42e11b6a0dfafdba9e2dbb9297a9b3
0fhBalTo4sNs73GilPvfaZ,Ginger Baker Trio,4840,19,https://open.spotify.com/artist/0fhBalTo4sNs73GilPvfaZ,https://i.scdn.co/image/f0f1d7e5a25ce24b7b832387307c70611ba6ab01
59hLmB5DrdihCYtNeFeW1U,Glen Campbell,385749,59,https://open.spotify.com/artist/59hLmB5DrdihCYtNeFeW1U,https://i.scdn.co/image/ab6761610000e5eb64f0f928da3d4ff7746a2df1
1xI51JmMVnw1XVCPeA4eiY,GongGongGoo009,1509,24,https://open.spotify.com/artist/1xI51JmMVnw1XVCPeA4eiY,https://i.scdn.co/image/ab67616d0000b2734ee13bab7a469814951b10e0
2f9ZiYA2ic1r1voObUimdd,Grace Jones,282041,59,https://open.spotify.com/artist/2f9ZiYA2ic1r1voObUimdd,https://i.scdn.co/image/ab6761610000e5ebc1c97da9c6326675e8c493cd
2CZj6Atoe6w2JhkMQnOEXo,Graham Parker & The Rumour,28767,30,https://open.spotify.com/artist/2CZj6Atoe6w2JhkMQnOEXo,https://i.scdn.co/image/938b3d81a3c111483a7334f53f43449ab1d5ee0f
0qEcf3SFlpRcb3lK3f2GZI,Grand Funk Railroad,869510,56,https://open.spotify.com/artist/0qEcf3SFlpRcb3lK3f2GZI,https://i.scdn.co/image/ab6761610000e5ebce27f7eb2ac301d6b1664aef
6QHu71f8LLeT8n0GzfbYFc,Gregory Isaacs,556325,54,https://open.spotify.com/artist/6QHu71f8LLeT8n0GzfbYFc,https://i.scdn.co/image/ee22aadbd2d54de47d5e210d005fe4c5c49cb86b
06nevPmNVfWUXyZkccahL8,Gregory Porter,560526,60,https://open.spotify.com/artist/06nevPmNVfWUXyZkccahL8,https://i.scdn.co/image/ab6761610000e5eb4bba7af02dea26ca2eedf919
3qm84nBOXUEQ2vnTfUTTFC,Guns N' Roses,26324183,79,https://open.spotify.com/artist/3qm84nBOXUEQ2vnTfUTTFC,https://i.scdn.co/image/ab6761610000e5eb50defaf9fc059a1efc541f4c
4yiQZ8tQPux8cPriYMWUFP,Gwen Stefani,5600893,71,https://open.spotify.com/artist/4yiQZ8tQPux8cPriYMWUFP,https://i.scdn.co/image/ab6761610000e5eb71a84376c2d99dbc4eba4097
1FClsNYBUoNFtGgzeG74dW,Hank Williams,821927,55,https://open.spotify.com/artist/1FClsNYBUoNFtGgzeG74dW,https://i.scdn.co/image/5fc12e434b15c08796c7156b2f630df84345b9cd
3wjsrpfO6odEphTZWx45RQ,Hearts & Colors,132555,51,https://open.spotify.com/artist/3wjsrpfO6odEphTZWx45RQ,https://i.scdn.co/image/ab6761610000e5eba1da67d504402ebceda3a2bd
5PYuBRQMHh7nWmdV076sH9,Heaven 17,217225,43,https://open.spotify.com/artist/5PYuBRQMHh7nWmdV076sH9,https://i.scdn.co/image/b19af7bc7078141c1bed483b95a1f62e36815d9d
0qB0cTENhSUc0feov5qbg0,Helmet,249534,51,https://open.spotify.com/artist/0qB0cTENhSUc0feov5qbg0,https://i.scdn.co/image/ab6761610000e5eb63be57d08649ba5582bcad2d
2ZvrvbQNrHKwjT7qfGFFUW,Herbie Hancock,591984,55,https://open.spotify.com/artist/2ZvrvbQNrHKwjT7qfGFFUW,https://i.scdn.co/image/ab6761610000e5ebca17170af02af227d6ea0c31
2MqhkhX4npxDZ62ObR5ELO,Hoobastank,2193621,64,https://open.spotify.com/artist/2MqhkhX4npxDZ62ObR5ELO,https://i.scdn.co/image/ab6761610000e5ebfd24e4299227b496c8bc9765
0Wxy5Qka8BN9crcFkiAxSR,Howlin' Wolf,464239,51,https://open.spotify.com/artist/0Wxy5Qka8BN9crcFkiAxSR,https://i.scdn.co/image/c2408f7f93e582b422af47aa72904a24397029d9
4Qfv2sYwJcGqdqF7UaMZgQ,Hoyt Axton,11939,33,https://open.spotify.com/artist/4Qfv2sYwJcGqdqF7UaMZgQ,https://i.scdn.co/image/8f15ad9028861722226ed59d271faa9fdfe43c5f
7A9yZMTrFZcgEWAX2kBfK6,Huey Lewis & The News,1337591,63,https://open.spotify.com/artist/7A9yZMTrFZcgEWAX2kBfK6,https://i.scdn.co/image/ab6761610000e5eb8dfb95eb4902b28206963614
1aX2dmV8XoHYCOQRxjPESG,The Human League,967237,60,https://open.spotify.com/artist/1aX2dmV8XoHYCOQRxjPESG,https://i.scdn.co/image/ab6761610000e5ebf31de4bf7f66a971dd11860e
2CxLP749mup3ncPrXgCnvU,Humble Pie,296874,44,https://open.spotify.com/artist/2CxLP749mup3ncPrXgCnvU,https://i.scdn.co/image/fe8c25b3f5a72047ad6a71632219a9e3ca05d2f4
1eClJfHLoDI4rZe5HxzBFv,INXS,2199782,68,https://open.spotify.com/artist/1eClJfHLoDI4rZe5HxzBFv,https://i.scdn.co/image/ab6761610000e5eb9bfd44c9bd2aae22edfd99bf
3Mcii5XWf6E0lrY3Uky4cA,Ice Cube,6193222,74,https://open.spotify.com/artist/3Mcii5XWf6E0lrY3Uky4cA,https://i.scdn.co/image/ab6761610000e5eb650e79afafd00492e33d7b8c
33EUXrFKGjpUSGacqEHhU4,Iggy Pop,1378218,62,https://open.spotify.com/artist/33EUXrFKGjpUSGacqEHhU4,https://i.scdn.co/image/ab6761610000e5eb21e6d14c3d8aab9887380d00
53XhwfbYqKCa1cC15pYq2q,Imagine Dragons,42963573,87,https://open.spotify.com/artist/53XhwfbYqKCa1cC15pYq2q,https://i.scdn.co/image/ab6761610000e5eb920dc1f617550de8388f368e
6mdiAmATAx73kdxrNrnlao,Iron Maiden,7800720,72,https://open.spotify.com/artist/6mdiAmATAx73kdxrNrnlao,https://i.scdn.co/image/ab6761610000e5ebdc52c8e309e46aa8430a0fa0
3IKV7o6WPphDB7cCWXaG3E,Isaac Hayes,605749,51,https://open.spotify.com/artist/3IKV7o6WPphDB7cCWXaG3E,https://i.scdn.co/image/ab6761610000e5eb21359c0ca388c85629ed7d29
53QzNeFpzAaXYnrDBbDrIp,The Isley Brothers,1578760,62,https://open.spotify.com/artist/53QzNeFpzAaXYnrDBbDrIp,https://i.scdn.co/image/ab6761610000e5eb6a73ed54b07cd71d3b1f4789
7bZAkNyTJHbUySJvvUO3MH,It Bites,7923,21,https://open.spotify.com/artist/7bZAkNyTJHbUySJvvUO3MH,https://i.scdn.co/image/ab6761610000e5eb6a87a1134090f4b9cfd35d64
06nsZ3qSOYZ2hPVIMcr1IN,J.J. Cale,660687,61,https://open.spotify.com/artist/06nsZ3qSOYZ2hPVIMcr1IN,https://i.scdn.co/image/ab6761610000e5ebbe1b2ad861e0148a1540b107
73ndLgs6jSrpZzjyzU9TJV,Jack Bruce,34891,30,https://open.spotify.com/artist/73ndLgs6jSrpZzjyzU9TJV,https://i.scdn.co/image/7c407b6b450e7fe0fbd73025c05d53c6ca1986f1
3GBPw9NK25X1Wt2OUvOwY3,Jack Johnson,3491618,74,https://open.spotify.com/artist/3GBPw9NK25X1Wt2OUvOwY3,https://i.scdn.co/image/ab6761610000e5eb9555a0b3231117c8cde1fca7
2iE18Oxc8YSumAU232n4rW,The Jackson 5,1301319,65,https://open.spotify.com/artist/2iE18Oxc8YSumAU232n4rW,https://i.scdn.co/image/19f768d93f6c80f7d4ca5b906e1c0376a3704389
4RN2vlFWepLa46qQIU2PHs,Jacques Brel,613377,53,https://open.spotify.com/artist/4RN2vlFWepLa46qQIU2PHs,https://i.scdn.co/image/ab6761610000e5eb4dfecaf883652dc5600ba055
5pnbUBPifNnlusY8kTBivi,Jadakiss,991184,64,https://open.spotify.com/artist/5pnbUBPifNnlusY8kTBivi,https://i.scdn.co/image/ab6761610000e5ebd8dba5c02f8c75eb280dd70e
2P560DaOMNDUACoH8ZhOCR,The Jam,651739,57,https://open.spotify.com/artist/2P560DaOMNDUACoH8ZhOCR,https://i.scdn.co/image/ee4cebe3c187f4f18502fd99b69e316c1caa2254
4IWBUUAFIplrNtaOHcJPRM,James Arthur,10496885,79,https://open.spotify.com/artist/4IWBUUAFIplrNtaOHcJPRM,https://i.scdn.co/image/ab6761610000e5eb6867a4ce52401bd378bb5179
4EzkuveR9pLvDVFNx6foYD,James Bay,3747308,71,https://open.spotify.com/artist/4EzkuveR9pLvDVFNx6foYD,https://i.scdn.co/image/ab6761610000e5ebc61b7437e062ca90fcf30231
53KwLdlmrlCelAZMaLVZqU,James Blake,1282331,65,https://open.spotify.com/artist/53KwLdlmrlCelAZMaLVZqU,https://i.scdn.co/image/ab6761610000e5eb568ef832399d06317da80a85
7GaxyUddsPok8BuhxN6OUW,James Brown,1964745,62,https://open.spotify.com/artist/7GaxyUddsPok8BuhxN6OUW,https://i.scdn.co/image/ab6761610000e5eb158342aa8bb8a192c778f2a5
3LpLGlgRS1IKPPwElnpW35,James Morrison,1510434,63,https://open.spotify.com/artist/3LpLGlgRS1IKPPwElnpW35,https://i.scdn.co/image/ab6761610000e5eb340fa517cfa6d15bb850c710
0vn7UBvSQECKJm2817Yf1P,James Taylor,2155986,66,https://open.spotify.com/artist/0vn7UBvSQECKJm2817Yf1P,https://i.scdn.co/image/ab6761610000e5eb5921cb8f2ec7bf6b5e725bcc
02NfyD6AlLA12crYzw5YcR,Jane's Addiction,1230251,56,https://open.spotify.com/artist/02NfyD6AlLA12crYzw5YcR,https://i.scdn.co/image/ab6761610000e5eb6181668c9b31f2505039ba33
4qwGe91Bz9K2T8jXTZ815W,Janet Jackson,3291925,64,https://open.spotify.com/artist/4qwGe91Bz9K2T8jXTZ815W,https://i.scdn.co/image/ab6761610000e5eb68ab782284f90f0685619bb7
2oyWkw7sq99yqj12hVUHtw,David Sylvian,110924,44,https://open.spotify.com/artist/2oyWkw7sq99yqj12hVUHtw,https://i.scdn.co/image/ab6761610000e5eb153fe00cabe3f49941f2edf7
3nFkdlSjzX9mRTtwJOzDYB,JAY-Z,7712373,83,https://open.spotify.com/artist/3nFkdlSjzX9mRTtwJOzDYB,https://i.scdn.co/image/ab6761610000e5ebc75afcd5a9027f60eaebb5e4
6CsOL9C9iLL0eWKINlDxzQ,Jeru The Damaja,198657,49,https://open.spotify.com/artist/6CsOL9C9iLL0eWKINlDxzQ,https://i.scdn.co/image/ab6761610000e5eb713b004f87c30b1372b586e5
2gsggkzM5R49q6jpPvazou,Jessie J,10480568,70,https://open.spotify.com/artist/2gsggkzM5R49q6jpPvazou,https://i.scdn.co/image/ab6761610000e5eb91f0dd753c09e051675a1ca6
776Uo845nYHJpNaStv1Ds4,Jimi Hendrix,5865399,69,https://open.spotify.com/artist/776Uo845nYHJpNaStv1Ds4,https://i.scdn.co/image/ab6761610000e5eb31f6ab67e6025de876475814
28AyklUmMECPwdfo8NEsV0,Jimmy Buffett,693213,64,https://open.spotify.com/artist/28AyklUmMECPwdfo8NEsV0,https://i.scdn.co/image/ab6761610000e5ebc51b2d9deea2b3cc8360828d
3rJ3m1tM6vUgiWLjfV8sRf,Jimmy Cliff,729085,58,https://open.spotify.com/artist/3rJ3m1tM6vUgiWLjfV8sRf,https://i.scdn.co/image/ab6761610000e5eb11bdad2b191ac35053d34bd2
3Ayl7mCk0nScecqOzvNp6s,Jimmy Eat World,1342014,66,https://open.spotify.com/artist/3Ayl7mCk0nScecqOzvNp6s,https://i.scdn.co/image/ab6761610000e5eb0dc33cfd207772f8e2f6b46f
0hF0PwB04hnXfYMiZWfJzy,Jimmy Ruffin,169481,46,https://open.spotify.com/artist/0hF0PwB04hnXfYMiZWfJzy,https://i.scdn.co/image/ab67616d0000b2734b290fbf9bf98ce55b0610a4
5GXruybcLmXPjR9rKKFyS6,Jimmy Smith,88060,43,https://open.spotify.com/artist/5GXruybcLmXPjR9rKKFyS6,https://i.scdn.co/image/184d3c8e15e2e25070b5573ea64596504ea9eb57
1bdAJUX6JPsnYHbTl5jbk6,Joan Armatrading,231494,49,https://open.spotify.com/artist/1bdAJUX6JPsnYHbTl5jbk6,https://i.scdn.co/image/ab6761610000e5ebbf005ac8d9ce2f3499079ea1
1EevBGfUh3RSQSGpluxgBm,Joan Baez,558934,53,https://open.spotify.com/artist/1EevBGfUh3RSQSGpluxgBm,https://i.scdn.co/image/ab6761610000e5eb05c5f9bf4906453af63025aa
3pFCERyEiP5xeN2EsPXhjI,Joe Cocker,1961870,63,https://open.spotify.com/artist/3pFCERyEiP5xeN2EsPXhjI,https://i.scdn.co/image/ee38cfbef7a14bad2ecb0631f73d5b703cf0d35d
6KOqPxwfNAmZPkiCnDE9yT,Joe Jackson,340545,55,https://open.spotify.com/artist/6KOqPxwfNAmZPkiCnDE9yT,https://i.scdn.co/image/bb8fd83e52d0aacb2695f151a80eb4c383448376
4H2b90USTVSstPktwUsDZE,Joe Sample,107723,45,https://open.spotify.com/artist/4H2b90USTVSstPktwUsDZE,https://i.scdn.co/image/9800408dbabe239a0f265f4ab3abbf391cb904a6
5bDxAyJiTYBat1YnFJhvEK,Joe Walsh,1071442,55,https://open.spotify.com/artist/5bDxAyJiTYBat1YnFJhvEK,https://i.scdn.co/image/d710b1d866858b418e298b6b7b087e6f841f27c1
2hGh5VOeeqimQFxqXvfCUf,John Coltrane,1459013,63,https://open.spotify.com/artist/2hGh5VOeeqimQFxqXvfCUf,https://i.scdn.co/image/ab6761610000e5eb73c7f7505c1af82929ec41df
5ujCegv1BRbEPTCwQqFk6t,John Fogerty,741938,54,https://open.spotify.com/artist/5ujCegv1BRbEPTCwQqFk6t,https://i.scdn.co/image/ab6772690000c46c8fcd4c411558a4182820a8a8
1yNOfXGQNGjAynk77wv85x,John Lee Hooker,772553,56,https://open.spotify.com/artist/1yNOfXGQNGjAynk77wv85x,https://i.scdn.co/image/6bcff0a9ed464621c433fb5d369c2164ebd3d2d0
4x1nvY2FN8jxqAFA0DA02H,John Lennon,5100173,68,https://open.spotify.com/artist/4x1nvY2FN8jxqAFA0DA02H,https://i.scdn.co/image/ab6761610000e5eb207c6849d1a1f4480e6aa222
3JulrApLVT81sb2HkfwMks,John Martyn,133002,51,https://open.spotify.com/artist/3JulrApLVT81sb2HkfwMks,https://i.scdn.co/image/e5f386cce7a82573474d5332dbdfb9be1ffc4465
2ScuQMRWThcifBRIvNDFDC,John Mayall & The Bluesbreakers,373711,46,https://open.spotify.com/artist/2ScuQMRWThcifBRIvNDFDC,https://i.scdn.co/image/ab67616d0000b273c40ff56a16cebb8f30af1f66
3lPQ2Fk5JOwGWAF3ORFCqH,John Mellencamp,1417062,65,https://open.spotify.com/artist/3lPQ2Fk5JOwGWAF3ORFCqH,https://i.scdn.co/image/ab6761610000e5eb39cf2e0c338c08d5b8350053
3dRfiJ2650SZu6GbydcHNb,John Williams,1166292,70,https://open.spotify.com/artist/3dRfiJ2650SZu6GbydcHNb,https://i.scdn.co/image/ab6761610000e5eb86b13e4d2e65ebf694384ef4
6kACVPfCOnqzgfEF5ryl0x,Johnny Cash,5537502,73,https://open.spotify.com/artist/6kACVPfCOnqzgfEF5ryl0x,https://i.scdn.co/image/ab6761610000e5eb152cf48cf9541c7061570857
7oHzn7edwmrYClrPRINkbn,Johnny Gill,883371,48,https://open.spotify.com/artist/7oHzn7edwmrYClrPRINkbn,https://i.scdn.co/image/6a7582cabd9f40e6e908f0620dca338be429511b
5hW4L92KnC6dX9t7tYM4Ve,Joni Mitchell,1236382,53,https://open.spotify.com/artist/5hW4L92KnC6dX9t7tYM4Ve,https://i.scdn.co/image/68cfb061951dbd44c95422a54cb70baec0722ca3
5rX1EodZfwxmW4fQX2Caot,Jonny Lang,220905,45,https://open.spotify.com/artist/5rX1EodZfwxmW4fQX2Caot,https://i.scdn.co/image/ab6761610000e5eb24c2e1cdbf7f2a5684033ff7
7bvcQXJHkFiN1ppIN3q4fi,Joss Stone,1010258,56,https://open.spotify.com/artist/7bvcQXJHkFiN1ppIN3q4fi,https://i.scdn.co/image/ab6761610000e5ebd0a53fa7ab3ad2cb8ea9dd13
1rHh0AI30JhKrbzKIFjFNd,Jr. Walker & The All Stars,195175,48,https://open.spotify.com/artist/1rHh0AI30JhKrbzKIFjFNd,https://i.scdn.co/image/ead0ca5746226e1bfbc53b7d848f3cd4d1318e37
3qUMmh5biaB5hqpF4LqS3m,Julie London,388236,56,https://open.spotify.com/artist/3qUMmh5biaB5hqpF4LqS3m,https://i.scdn.co/image/66ce0fab7aceb0dd691fb04a9c77858fc489e43e
6wFId9Jhuf9AKVzWboOj2B,Jurassic 5,400318,54,https://open.spotify.com/artist/6wFId9Jhuf9AKVzWboOj2B,https://i.scdn.co/image/ab6761610000e5eb2b867caebf8d276cfed1a62d
1uNFoZAHBGtllmzznpCI3s,Justin Bieber,67005074,89,https://open.spotify.com/artist/1uNFoZAHBGtllmzznpCI3s,https://i.scdn.co/image/ab6761610000e5eb8ae7f2aaa9817a704a87ea36
70kkdajctXSbqSMJbQO424,Kacey Musgraves,1174671,68,https://open.spotify.com/artist/70kkdajctXSbqSMJbQO424,https://i.scdn.co/image/ab6761610000e5ebd123e4c884d1a5e2edff1895
0LbLWjaweRbO4FDKYlbfNt,Kaiser Chiefs,1204632,59,https://open.spotify.com/artist/0LbLWjaweRbO4FDKYlbfNt,https://i.scdn.co/image/ab6761610000e5ebd934c1a875e67c090f76fefc
5K4W6rqBFWDnAN6FQUkS6x,Kanye West,18558691,90,https://open.spotify.com/artist/5K4W6rqBFWDnAN6FQUkS6x,https://i.scdn.co/image/ab6761610000e5eb867008a971fae0f4d913f63a
1aSxMhuvixZ8h9dK9jIDwL,Kate Bush,1511547,74,https://open.spotify.com/artist/1aSxMhuvixZ8h9dK9jIDwL,https://i.scdn.co/image/ab6761610000e5eb187017724e58e78ee1f5a8e4
6jJ0s89eD6GaHleKKya26X,Katy Perry,23206271,83,https://open.spotify.com/artist/6jJ0s89eD6GaHleKKya26X,https://i.scdn.co/image/ab6761610000e5ebdc9dcb7e4a97b4552e1224d6
53A0W3U0s8diEn9RhXQhVz,Keane,2694242,72,https://open.spotify.com/artist/53A0W3U0s8diEn9RhXQhVz,https://i.scdn.co/image/ab6761610000e5eb6fa4f7efaf78eb1bc0486d27
0F3Aew9DSd6fb6192K1K0Y,Keith Jarrett,303893,52,https://open.spotify.com/artist/0F3Aew9DSd6fb6192K1K0Y,https://i.scdn.co/image/ab6761610000e5eb8757d081b1451ea9415230cb
08avsqaGIlK2x3i2Cu7rKH,Keith Richards,280478,45,https://open.spotify.com/artist/08avsqaGIlK2x3i2Cu7rKH,https://i.scdn.co/image/a13eee07307adc70fe177f0fa73e935cb909afe6
0u2FHSq3ln94y5Q57xazwf,Keith Urban,4903549,70,https://open.spotify.com/artist/0u2FHSq3ln94y5Q57xazwf,https://i.scdn.co/image/ab6761610000e5eb011f9b2f5c8e0dac63aa5b73
2YZyLoL8N0Wb9xBt1NhZWg,Kendrick Lamar,21828663,88,https://open.spotify.com/artist/2YZyLoL8N0Wb9xBt1NhZWg,https://i.scdn.co/image/ab6761610000e5eb437b9e2a82505b3d93ff1022
1sdyFmN4bVOcuFDpTVsxBB,Kenny Burrell,71084,47,https://open.spotify.com/artist/1sdyFmN4bVOcuFDpTVsxBB,https://i.scdn.co/image/ad7daf534f6b12f3c64732c9538c1d8f4ba48af7
1cCexZ1KXsLcJlCogo3VsD,Kevin Coyne,7110,26,https://open.spotify.com/artist/1cCexZ1KXsLcJlCogo3VsD,https://i.scdn.co/image/e9d6053491d597e203a69e61ce94af090efe8019
0C0XlULifJtAgn6ZNCW2eu,The Killers,6705005,76,https://open.spotify.com/artist/0C0XlULifJtAgn6ZNCW2eu,https://i.scdn.co/image/ab6761610000e5eb207b21f3ed0ee96adce3166a
0Zy4ncr8h1jd7Nzr9946fD,Killing Joke,267868,49,https://open.spotify.com/artist/0Zy4ncr8h1jd7Nzr9946fD,https://i.scdn.co/image/ab6761610000e5ebb27c2f14d0deaac56f64c1f4
5PN2aHIvLEM98XIorsPMhE,Kim Carnes,260630,60,https://open.spotify.com/artist/5PN2aHIvLEM98XIorsPMhE,https://i.scdn.co/image/ab6761610000e5eb1ba0c0b42be17d19a8d67d15
1SQRv42e4PjEYfPhS0Tk9E,The Kinks,2246077,64,https://open.spotify.com/artist/1SQRv42e4PjEYfPhS0Tk9E,https://i.scdn.co/image/ab6761610000e5eb8f8013de1cd216cfdd7a4848
2hJPr4lk7Q8SSvCVBl9fWM,Kip Moore,1170128,61,https://open.spotify.com/artist/2hJPr4lk7Q8SSvCVBl9fWM,https://i.scdn.co/image/ab6761610000e5eb6362669a75a42929e93f652e
07XSN3sPlIlB2L2XNcTwJw,KISS,7752489,72,https://open.spotify.com/artist/07XSN3sPlIlB2L2XNcTwJw,https://i.scdn.co/image/ab6761610000e5eb4e85269a1f35917eddeadefd
1GLtl8uqKmnyCWxHmw9tL4,The Kooks,2319086,66,https://open.spotify.com/artist/1GLtl8uqKmnyCWxHmw9tL4,https://i.scdn.co/image/ab6761610000e5eb720d6b8dd091334f38fb49ad
3VNITwohbvU5Wuy5PC6dsI,Kool & The Gang,2106072,65,https://open.spotify.com/artist/3VNITwohbvU5Wuy5PC6dsI,https://i.scdn.co/image/ab6761610000e5eb69287c3f1b150bbead642499
1P8IfcNKwrkQP5xJWuhaOC,LL COOL J,1420597,61,https://open.spotify.com/artist/1P8IfcNKwrkQP5xJWuhaOC,https://i.scdn.co/image/77705115296b3f2b788c4fe37bfacea73d9b7370
32WkQRZEVKSzVAAYqukAEA,Lady A,3640253,67,https://open.spotify.com/artist/32WkQRZEVKSzVAAYqukAEA,https://i.scdn.co/image/ab6761610000e5ebd34168ae19ecfa8e9c550e19
1HY2Jd0NmPuamShAr6KMms,Lady Gaga,23626399,84,https://open.spotify.com/artist/1HY2Jd0NmPuamShAr6KMms,https://i.scdn.co/image/ab6761610000e5ebc8d3d98a1bccbe71393dbfbf
00FQb4jTyendYWaN8pK0wa,Lana Del Rey,18472973,88,https://open.spotify.com/artist/00FQb4jTyendYWaN8pK0wa,https://i.scdn.co/image/ab6761610000e5ebc5903678d3db18e271e42be0
7B2edU3Q7btJoNsoHCNohM,Laura Marling,467816,54,https://open.spotify.com/artist/7B2edU3Q7btJoNsoHCNohM,https://i.scdn.co/image/ab6761610000e5eb27b15f8b52128db1fdab4f30
36QJpDe2go2KgaRleHCDTp,Led Zeppelin,12698921,76,https://open.spotify.com/artist/36QJpDe2go2KgaRleHCDTp,https://i.scdn.co/image/207803ce008388d3427a685254f9de6a8f61dc2e
1TsG4AumsMt1Tcq2nHpov9,"Lee ""Scratch"" Perry",175506,48,https://open.spotify.com/artist/1TsG4AumsMt1Tcq2nHpov9,https://i.scdn.co/image/ab6772690000c46c94ad5a3246c90632dc12f702
5gznATMVO85ZcLTkE9ULU7,Lenny Kravitz,2724799,68,https://open.spotify.com/artist/5gznATMVO85ZcLTkE9ULU7,https://i.scdn.co/image/ab6761610000e5eb7e8726da6b15e258be59c13b
6r1Xmz7YUD4z0VRUoGm8XN,Leon Russell,228234,47,https://open.spotify.com/artist/6r1Xmz7YUD4z0VRUoGm8XN,https://i.scdn.co/image/803611243fd0decfaf6ac4c0ff4864fc04754c47
05E3NBxNMdnrPtxF9oraJm,Lester Young,126547,50,https://open.spotify.com/artist/05E3NBxNMdnrPtxF9oraJm,https://i.scdn.co/image/59f160b9b2e5803e766188270977f15af20f8bf1
0L9xkvBPcEp1nrhDrodxc5,Level 42,587664,57,https://open.spotify.com/artist/0L9xkvBPcEp1nrhDrodxc5,https://i.scdn.co/image/ab6761610000e5ebc416e89fd5d1eedab418f8de
4fSPtBgFPZzygkY6MehwQ7,The Libertines,785020,56,https://open.spotify.com/artist/4fSPtBgFPZzygkY6MehwQ7,https://i.scdn.co/image/ab6761610000e5eb61d20c833fde829e5ac32ad6
6EZzVXM2uDRPmnHWq9yPDE,Lightnin' Hopkins,241381,45,https://open.spotify.com/artist/6EZzVXM2uDRPmnHWq9yPDE,https://i.scdn.co/image/3e9519f7eb0466180fe21cbd4747f2b17ccbe09c
55Aa2cqylxrFIXC767Z865,Lil Wayne,12752936,84,https://open.spotify.com/artist/55Aa2cqylxrFIXC767Z865,https://i.scdn.co/image/ab6761610000e5ebc63aded6f4bf4d06d1377106
0bvRYuXRvd14RYEE7c0PRW,Linton Kwesi Johnson,42169,42,https://open.spotify.com/artist/0bvRYuXRvd14RYEE7c0PRW,https://i.scdn.co/image/f79bfd0adfc7e52d87b0309ee8920ff074a766ee
3gMaNLQm7D9MornNILzdSl,Lionel Richie,2846041,68,https://open.spotify.com/artist/3gMaNLQm7D9MornNILzdSl,https://i.scdn.co/image/ab6761610000e5eb002684808eb17d8b3645b57c
3CygdxquGHurS7f9LjNLkv,Little Big Town,2561369,65,https://open.spotify.com/artist/3CygdxquGHurS7f9LjNLkv,https://i.scdn.co/image/ab6761610000e5ebbd6b8625807df07fc711dd77
4xls23Ye9WR9yy3yYMpAMm,Little Richard,791839,56,https://open.spotify.com/artist/4xls23Ye9WR9yy3yYMpAMm,https://i.scdn.co/image/8482a715712ad99032f35870bd2430b9b71b7283
6juuiuCv8jRHZOcvP2BqKp,Lloyd Cole and the Commotions,94054,44,https://open.spotify.com/artist/6juuiuCv8jRHZOcvP2BqKp,https://i.scdn.co/image/cfb3988603281a0305abc401817db4588b9430c3
163tK9Wjr9P9DmM0AVK7lm,Lorde,9877228,75,https://open.spotify.com/artist/163tK9Wjr9P9DmM0AVK7lm,https://i.scdn.co/image/ab6761610000e5ebc4902f080d3620b3e6da80c3
19eLuQmk9aCobbVDHc6eek,Louis Armstrong,2561051,68,https://open.spotify.com/artist/19eLuQmk9aCobbVDHc6eek,https://i.scdn.co/image/ab6772690000c46c4a0e9d5e55f9f3721c3243c5
60ht0hWRy1yjUDfNsLuHuP,Lucinda Williams,212574,51,https://open.spotify.com/artist/60ht0hWRy1yjUDfNsLuHuP,https://i.scdn.co/image/ab6761610000e5ebbf581205f66c4aeaac56b7ca
3ipn9JLAPI5GUEo4y4jcoi,Ludacris,2465544,75,https://open.spotify.com/artist/3ipn9JLAPI5GUEo4y4jcoi,https://i.scdn.co/image/adcc1cb654e89f2e404688ae0d1bbc942ce02e5d
2uFUBdaVGtyMqckSeCl0Qj,Ludovico Einaudi,2771289,77,https://open.spotify.com/artist/2uFUBdaVGtyMqckSeCl0Qj,https://i.scdn.co/image/ab6761610000e5eb41b332cbe960237714e82408
0BvkDsjIUla7X0k6CSWh1I,Luke Bryan,7716724,75,https://open.spotify.com/artist/0BvkDsjIUla7X0k6CSWh1I,https://i.scdn.co/image/ab6761610000e5ebbda852a1b1ed76e2e731955f
43qsbkyR2EgZ14k6eJXd3j,Lulu Helensworth,172,48,https://open.spotify.com/artist/43qsbkyR2EgZ14k6eJXd3j,https://i.scdn.co/image/ab67616d0000b27370d4d84a05ff00c695d267e4
16oZKvXb6WkQlVAjwo2Wbg,The Lumineers,4907154,76,https://open.spotify.com/artist/16oZKvXb6WkQlVAjwo2Wbg,https://i.scdn.co/image/ab6761610000e5ebc79f78fd72a3e5faf699a8be
4MVyzYMgTwdP7Z49wAZHx0,Lynyrd Skynyrd,4314243,71,https://open.spotify.com/artist/4MVyzYMgTwdP7Z49wAZHx0,https://i.scdn.co/image/ab6761610000e5eb451eb07ddc6e68d3e474c2bf
34bhyY8jfKez7uKakMfy4y,Maddie & Tae,981791,63,https://open.spotify.com/artist/34bhyY8jfKez7uKakMfy4y,https://i.scdn.co/image/ab6761610000e5ebc9fe264c3c7370c0eb2d689e
6tbjWDEIzxoDsBA1FuhfPW,Madonna,6446460,76,https://open.spotify.com/artist/6tbjWDEIzxoDsBA1FuhfPW,https://i.scdn.co/image/ab6761610000e5eb034a19a2d576c696b5be94a5
4VuMnSnoTGrma3a79UhfMs,Magazine,80186,40,https://open.spotify.com/artist/4VuMnSnoTGrma3a79UhfMs,https://i.scdn.co/image/a9678c25e699ca042fff8b8f6fd69043749cd4b9
1bs7HoMkSyQwcobCpE9KpN,The Mamas & The Papas,1412219,65,https://open.spotify.com/artist/1bs7HoMkSyQwcobCpE9KpN,https://i.scdn.co/image/ab6761610000e5eb4626b4e3185058d73c9ec7a7
7nBZYpVAH6bD0QlD7Mpil7,Marc Almond,73479,44,https://open.spotify.com/artist/7nBZYpVAH6bD0QlD7Mpil7,https://i.scdn.co/image/ab6761610000e5eb7b800ea76191ca2f8ddd7c5a
2VYQTNDsvvKN9wmU5W7xpj,Marilyn Manson,3722461,69,https://open.spotify.com/artist/2VYQTNDsvvKN9wmU5W7xpj,https://i.scdn.co/image/ab6761610000e5eb9e2dae585750a8d6055f4e35
0FI0kxP0BWurTz8cB8BBug,Mark Knopfler,1299262,61,https://open.spotify.com/artist/0FI0kxP0BWurTz8cB8BBug,https://i.scdn.co/image/ab6761610000e5eb685c708602ec164b04e38e26
04gDigrS5kc9YWfZHwBETP,Maroon 5,38397274,84,https://open.spotify.com/artist/04gDigrS5kc9YWfZHwBETP,https://i.scdn.co/image/ab6761610000e5eb288ac05481cedc5bddb5b11b
1Pe5hlKMCTULjosqZ6KanP,Martha Reeves & The Vandellas,399274,56,https://open.spotify.com/artist/1Pe5hlKMCTULjosqZ6KanP,https://i.scdn.co/image/b73ee3ca9b41ce90e95b94018fb342dd1ac58622
0MponVSpW81oLvJZ53vYZH,The Marvelettes,307017,49,https://open.spotify.com/artist/0MponVSpW81oLvJZ53vYZH,https://i.scdn.co/image/6c35aa5919baa5acc3700d65087963e5c5c784b8
3koiLjNrgRTNbOwViDipeA,Marvin Gaye,4743508,71,https://open.spotify.com/artist/3koiLjNrgRTNbOwViDipeA,https://i.scdn.co/image/cf79bd3e5c787e2ec152eeb1ea5538b0d4cf1434
5pBljwfwnohfSNDXixEYHm,Mary Hopkin,30824,39,https://open.spotify.com/artist/5pBljwfwnohfSNDXixEYHm,https://i.scdn.co/image/ab67616d0000b2732af71bc7c47b3ae12aadcbb8
1XkoF8ryArs86LZvFOkbyr,Mary J. Blige,3330260,69,https://open.spotify.com/artist/1XkoF8ryArs86LZvFOkbyr,https://i.scdn.co/image/ab6761610000e5eb59f9f1ee5a9d2d917813e70f
1cjZk1xXn3YCToNg3uJpA7,Mary Wells,268553,49,https://open.spotify.com/artist/1cjZk1xXn3YCToNg3uJpA7,https://i.scdn.co/image/14925be3ce17d25a95b95ae7491e18fe3adc80b0
6FXMGgJwohJLUSr5nVlf9X,Massive Attack,1889446,62,https://open.spotify.com/artist/6FXMGgJwohJLUSr5nVlf9X,https://i.scdn.co/image/c8bbeedb05f38ae5cb982a7daf4bf7129cca892c
4GNHtO2iEJ09r4JNTlqnO9,Master Peace,10680,42,https://open.spotify.com/artist/4GNHtO2iEJ09r4JNTlqnO9,https://i.scdn.co/image/ab6761610000e5eb846c131583b78af8ed72c353
4Ud7lY9V8pOyydumajSW3O,The Mavericks,152518,51,https://open.spotify.com/artist/4Ud7lY9V8pOyydumajSW3O,https://i.scdn.co/image/ab6761610000e5ebec7c38deb61403a06a5f3b17
3aTuTR5Nf6pVW3837q2ZL7,Maxi Priest,193798,48,https://open.spotify.com/artist/3aTuTR5Nf6pVW3837q2ZL7,https://i.scdn.co/image/ab6761610000e5eb937e32099de65df5521d06e9
2EsmKkHsXK0WMNGOtIhbxr,McCoy Tyner,110810,47,https://open.spotify.com/artist/2EsmKkHsXK0WMNGOtIhbxr,https://i.scdn.co/image/7e2bd902ed5263eb9c603cd56cc0545c8d44c1a4
7dnB1wSxbYa8CejeVg98hz,Meat Loaf,940578,63,https://open.spotify.com/artist/7dnB1wSxbYa8CejeVg98hz,https://i.scdn.co/image/ab6761610000e5ebd80098ab0e9b98ee0bd0795e
1Yox196W7bzVNZI7RBaPnf,Megadeth,4281704,69,https://open.spotify.com/artist/1Yox196W7bzVNZI7RBaPnf,https://i.scdn.co/image/ab6761610000e5eb79058c0b634631533ed40b22
2P1puQXmG48EVLBrHbum1J,Melody Gardot,618461,60,https://open.spotify.com/artist/2P1puQXmG48EVLBrHbum1J,https://i.scdn.co/image/ab6761610000e5eb5983bc37586887f3832e73b0
2ye2Wgw4gimLv2eAKyk1NB,Metallica,22585463,81,https://open.spotify.com/artist/2ye2Wgw4gimLv2eAKyk1NB,https://i.scdn.co/image/ab6761610000e5eb8101d13bdd630b0889acd2fd
4VmEWwd8y9MCLwexFMdpwt,Method Man,1773761,70,https://open.spotify.com/artist/4VmEWwd8y9MCLwexFMdpwt,https://i.scdn.co/image/85fc66422f44f641ba86e39107c290fb9e9ea7b2
3fMbdgg4jU18AjLCKBhRSm,Michael Jackson,24697611,82,https://open.spotify.com/artist/3fMbdgg4jU18AjLCKBhRSm,https://i.scdn.co/image/ab6761610000e5eba2a0b9e3448c1e702de9dc90
2LvhyFvUCDJ7gFuEBOcrM8,Michael Nyman,193771,51,https://open.spotify.com/artist/2LvhyFvUCDJ7gFuEBOcrM8,https://i.scdn.co/image/6ae99c97bb92fa4c003a667834a704449ea7837f
2yTUYhIf8fxptTIy3KLuJD,Mike & The Mechanics,575952,58,https://open.spotify.com/artist/2yTUYhIf8fxptTIy3KLuJD,https://i.scdn.co/image/df1206ce5a5ffab40863574f6921ca066c0f100e
562Od3CffWedyz2BbeYWVn,Mike Oldfield,524792,58,https://open.spotify.com/artist/562Od3CffWedyz2BbeYWVn,https://i.scdn.co/image/b04f41784ba49ed0875cbd018e0e0e55c94344eb
0kbYTNQb4Pb1rPbbaF0pT4,Miles Davis,2319692,61,https://open.spotify.com/artist/0kbYTNQb4Pb1rPbbaF0pT4,https://i.scdn.co/image/423e826b3c1b23930a255d7cbc2daf733f795507
2i1IdHG5w0wiSmJGoqAGlj,Minnie Riperton,326394,52,https://open.spotify.com/artist/2i1IdHG5w0wiSmJGoqAGlj,https://i.scdn.co/image/80230921f3d0c8bd777b39133506f3e103317539
5BcZ22XONcRoLhTbZRuME1,The Moody Blues,1128816,58,https://open.spotify.com/artist/5BcZ22XONcRoLhTbZRuME1,https://i.scdn.co/image/ab6761610000e5eb8beccf59fd551fff989deae1
3iTsJGG39nMg9YiolUgLMQ,Morrissey,937786,58,https://open.spotify.com/artist/3iTsJGG39nMg9YiolUgLMQ,https://i.scdn.co/image/cdbc12a6b10dbab32ed73d4979183e95f46ebeb2
1DFr97A9HnbV3SKTJFu62M,Motörhead,3401188,64,https://open.spotify.com/artist/1DFr97A9HnbV3SKTJFu62M,https://i.scdn.co/image/ab6761610000e5eb974a09beb1262a04a8713520
4y6J8jwRAwO4dssiSmN91R,Muddy Waters,1179340,54,https://open.spotify.com/artist/4y6J8jwRAwO4dssiSmN91R,https://i.scdn.co/image/b4ccc4c928c953fbe755c88c4774df70db977a5c
3gd8FJtBJtkRxdfbTu19U2,Mumford & Sons,6372215,71,https://open.spotify.com/artist/3gd8FJtBJtkRxdfbTu19U2,https://i.scdn.co/image/ab6761610000e5eb87ac264d392a72af95ca9fdb
0cc6vw3VN8YlIcvr1v7tBL,Mötley Crüe,4227973,70,https://open.spotify.com/artist/0cc6vw3VN8YlIcvr1v7tBL,https://i.scdn.co/image/ab6761610000e5eb4a4a8001924448a7e9a7e725
4EnEZVjo3w1cwcQYePccay,N.W.A.,4506547,65,https://open.spotify.com/artist/4EnEZVjo3w1cwcQYePccay,https://i.scdn.co/image/4f36d3f900eaf8381b0d3f5febe0e5bf8c94dbea
5CAiy5rDr3LaSoGtJOq6A0,Nanci Griffith,83815,43,https://open.spotify.com/artist/5CAiy5rDr3LaSoGtJOq6A0,https://i.scdn.co/image/2ad5051cf46bad6a42cc2464e65cde235b947e1b
20qISvAhX20dpIbOOzGK3q,Nas,3012284,72,https://open.spotify.com/artist/20qISvAhX20dpIbOOzGK3q,https://i.scdn.co/image/ab6761610000e5ebf7d9deb32a290a5ba574ee1c
7v4imS0moSyGdXyLgVTIV7,Nat King Cole,1916403,67,https://open.spotify.com/artist/7v4imS0moSyGdXyLgVTIV7,https://i.scdn.co/image/ab6761610000e5eb410d394a57e185889a2740ac
6fvN9GmMCVKb5LY0WsnjFP,Nazareth,1198016,58,https://open.spotify.com/artist/6fvN9GmMCVKb5LY0WsnjFP,https://i.scdn.co/image/ab6761610000e5ebc5bc094a1280845770d009fa
21E3waRsmPlU7jZsS13rcj,Ne-Yo,7499325,76,https://open.spotify.com/artist/21E3waRsmPlU7jZsS13rcj,https://i.scdn.co/image/ab6761610000e5ebca118e3822061f7b7f6bc537
7mEIug7XUlQHikrFxjTWes,Neil Diamond,2153209,66,https://open.spotify.com/artist/7mEIug7XUlQHikrFxjTWes,https://i.scdn.co/image/f4d0fb18cb338eddee6b482779d946183a743b12
6v8FB84lnmJs434UJf2Mrm,Neil Young,2638588,60,https://open.spotify.com/artist/6v8FB84lnmJs434UJf2Mrm,https://i.scdn.co/image/ab6772690000c46c49b91a07c864561ba7c78ba7
2gBjLmx6zQnFGQJCAQpRgw,Nelly,2263569,73,https://open.spotify.com/artist/2gBjLmx6zQnFGQJCAQpRgw,https://i.scdn.co/image/3677690af58abb70a5c5fd58d69db4d1ad705d4f
3JxCEqL9zjKnDJgUhRuRJD,Neneh Cherry,143506,51,https://open.spotify.com/artist/3JxCEqL9zjKnDJgUhRuRJD,https://i.scdn.co/image/ab6761610000e5eb72aecba283cf67c2f058980e
1mFX1QlezK1lNPKQJkhwWb,New Edition,1389694,56,https://open.spotify.com/artist/1mFX1QlezK1lNPKQJkhwWb,https://i.scdn.co/image/44e1b32aa085bd943fabd36678804d3fd3b8fb67
0WhGV9lzljq2QKJ8ipw6jx,New York Dolls,239087,43,https://open.spotify.com/artist/0WhGV9lzljq2QKJ8ipw6jx,https://i.scdn.co/image/169d98992e555699585b68c5fdc8b88bb1ddda8b
5c3GLXai8YOMid29ZEuR9y,Nick Drake,662727,60,https://open.spotify.com/artist/5c3GLXai8YOMid29ZEuR9y,https://i.scdn.co/image/d364b498f85ae764cd278fbba9a8ed7f00c3e434
0hCNtLu0JehylgoiP8L4Gh,Nicki Minaj,26427805,85,https://open.spotify.com/artist/0hCNtLu0JehylgoiP8L4Gh,https://i.scdn.co/image/ab6761610000e5eb6a8e5e8752d1dc2dafa63f20
7kCL98rPFsNKjAHDmWrMac,Nik Kershaw,271278,54,https://open.spotify.com/artist/7kCL98rPFsNKjAHDmWrMac,https://i.scdn.co/image/ab6761610000e5eb68a6b441e694ee02110b44a1
7G1GBhoKtEPnP86X2PvEYO,Nina Simone,2454713,67,https://open.spotify.com/artist/7G1GBhoKtEPnP86X2PvEYO,https://i.scdn.co/image/ab6761610000e5eb136c51c848c26a6cce7f9e56
0X380XXQSNBYuleKzav5UO,Nine Inch Nails,2160173,65,https://open.spotify.com/artist/0X380XXQSNBYuleKzav5UO,https://i.scdn.co/image/ab6761610000e5eb047095c90419cf2a97266f77
6olE6TJLqED3rqDCT0FyPh,Nirvana,16207280,80,https://open.spotify.com/artist/6olE6TJLqED3rqDCT0FyPh,https://i.scdn.co/image/84282c28d851a700132356381fcfbadc67ff498b
7y70dch6JuuuNnwlsOQvwW,Nitty Gritty Dirt Band,177463,58,https://open.spotify.com/artist/7y70dch6JuuuNnwlsOQvwW,https://i.scdn.co/image/ab6761610000e5ebaafa59a70d44b77d41b5fd50
0cQbJU1aAzvbEmTuljWLlF,No Doubt,2353734,65,https://open.spotify.com/artist/0cQbJU1aAzvbEmTuljWLlF,https://i.scdn.co/image/f7e39e0ca7a4ba897150247190fb27b6ae6e0318
2Kx7MNY7cI1ENniW7vT30N,Norah Jones,2857580,71,https://open.spotify.com/artist/2Kx7MNY7cI1ENniW7vT30N,https://i.scdn.co/image/ab6761610000e5eb38b431c35d7c9f7bbcb2378a
46KQM3HJyONaKRTbcfNPlU,Omega Sapien,11607,60,https://open.spotify.com/artist/46KQM3HJyONaKRTbcfNPlU,https://i.scdn.co/image/ab6761610000e5ebebf9c180a9e9ea7688beda35
5vIOGcdmx1eIkq3ZtuS12U,Ocean Colour Scene,366263,48,https://open.spotify.com/artist/5vIOGcdmx1eIkq3ZtuS12U,https://i.scdn.co/image/ab6761610000e5ebf14b4d7a984c82aa2dd401be
5Pwc4xIPtQLFEnJriah9YJ,OneRepublic,14438331,84,https://open.spotify.com/artist/5Pwc4xIPtQLFEnJriah9YJ,https://i.scdn.co/image/ab6761610000e5eb77bf00f67e21f514dc44c485
10Khz9BDdDT2mzm3330Cvu,Onyx,432815,50,https://open.spotify.com/artist/10Khz9BDdDT2mzm3330Cvu,https://i.scdn.co/image/ab6761610000e5eb375cfc3b03cd62eda23d9dda
6zkX5fhrSD4tdVOmimR9wB,Oscar Peterson,223835,55,https://open.spotify.com/artist/6zkX5fhrSD4tdVOmimR9wB,https://i.scdn.co/image/ab6761610000e5eb13ef8d48c8f86c6f193d57a1
60df5JBRRPcnSpsIMxxwQm,Otis Redding,1998643,67,https://open.spotify.com/artist/60df5JBRRPcnSpsIMxxwQm,https://i.scdn.co/image/4ad89c805aff0fb76b01b6b62b39e21fcd8943c3
7jM2XoJBKhdL8oNnDr4re9,The Ozark Mountain Daredevils,159001,44,https://open.spotify.com/artist/7jM2XoJBKhdL8oNnDr4re9,https://i.scdn.co/image/ab6761610000e5eb0e5dbc3d0c5bc746f52b096d
12VaqyEhgwDRuFfEqbnrpz,PJ Harvey,891856,57,https://open.spotify.com/artist/12VaqyEhgwDRuFfEqbnrpz,https://i.scdn.co/image/ab6761610000e5ebd9917b75357433a62509d862
4RddZ3iHvSpGV4dvATac9X,Papa Roach,4485215,70,https://open.spotify.com/artist/4RddZ3iHvSpGV4dvATac9X,https://i.scdn.co/image/ab6761610000e5eb48214edcac1d4e701870592a
43mhFhQ4JAknA7Ik1bOZuV,Pat Benatar,1417106,62,https://open.spotify.com/artist/43mhFhQ4JAknA7Ik1bOZuV,https://i.scdn.co/image/8cd9a623b274a9e694aa7bae28f541d3977673ec
0cpt0xebTXatYk3KvnrU9m,Pato Banton,56903,44,https://open.spotify.com/artist/0cpt0xebTXatYk3KvnrU9m,https://i.scdn.co/image/a67435d1de7eaa4aa8d0ce2f72524e2afb1dcf2e
7dNsHhGeGU5MV01r06O8gK,Patsy Cline,736145,58,https://open.spotify.com/artist/7dNsHhGeGU5MV01r06O8gK,https://i.scdn.co/image/c8eb3a2d38f77a5f9e752036dec6c21f307fbfe2
7tNLRmiAN8hpmFrbIHiHsy,Patty Griffin,140594,47,https://open.spotify.com/artist/7tNLRmiAN8hpmFrbIHiHsy,https://i.scdn.co/image/ab6761610000e5eb159db6b9f51c9c5cb04bec22
3sFhA6G1N0gG1pszb6kk1m,Wings,865531,62,https://open.spotify.com/artist/3sFhA6G1N0gG1pszb6kk1m,https://i.scdn.co/image/826d206c73f95f1353383c17f27f22aeb628369a
2CvCyf1gEVhI0mX6aFXmVI,Paul Simon,1958343,67,https://open.spotify.com/artist/2CvCyf1gEVhI0mX6aFXmVI,https://i.scdn.co/image/ab6761610000e5eb1f764c8f69b595efe77e1c45
7Lf3LOZp3U3u2f6cWMd3AH,Paul Weller,402414,52,https://open.spotify.com/artist/7Lf3LOZp3U3u2f6cWMd3AH,https://i.scdn.co/image/ab6761610000e5eb22ae3257ac436b21936622cf
6qI4LTzMRpTxRzMZPvv2C6,Peaches & Herb,140632,47,https://open.spotify.com/artist/6qI4LTzMRpTxRzMZPvv2C6,https://i.scdn.co/image/4e21f76c0f422879a0f63d270a85ece383d18cdb
1w5Kfo2jwwIPruYS2UWh56,Pearl Jam,7811126,73,https://open.spotify.com/artist/1w5Kfo2jwwIPruYS2UWh56,https://i.scdn.co/image/ab6761610000e5eb122d1145d880736383742ebc
602DnpaSXJB4b9DZrvxbDc,Peggy Lee,379182,57,https://open.spotify.com/artist/602DnpaSXJB4b9DZrvxbDc,https://i.scdn.co/image/ab6761610000e5eb85605d6c52137d86e152f07f
24Wa5wIZIo1sPkzVGP0B5p,Pete Townshend,327046,49,https://open.spotify.com/artist/24Wa5wIZIo1sPkzVGP0B5p,https://i.scdn.co/image/7970b65abb635b49a8993fa11c440f1243bb37ae
0543y7yrvny4KymoaneT4W,Peter Frampton,1069245,57,https://open.spotify.com/artist/0543y7yrvny4KymoaneT4W,https://i.scdn.co/image/ab6761610000e5ebdf422233531e21eefeec9996
4lxfqrEsLX6N1N4OCSkILp,Phil Collins,4811770,74,https://open.spotify.com/artist/4lxfqrEsLX6N1N4OCSkILp,https://i.scdn.co/image/31fbe64783eb5d493161640bd599dceafc615c6d
48NRGRV9MmSBScnKTLztSt,Phil Manzanera,17311,26,https://open.spotify.com/artist/48NRGRV9MmSBScnKTLztSt,https://i.scdn.co/image/ab6761610000e5eb68723ccd6cf2be8a4f676d93
70MMkLXtue3Edj3RJhJkYp,Public Image Ltd.,249436,44,https://open.spotify.com/artist/70MMkLXtue3Edj3RJhJkYp,https://i.scdn.co/image/095a58d679599309cf7f8ff3549ba16d26ef17c8
0k17h0D3J5VfsdmQ1iZtE9,Pink Floyd,17725787,77,https://open.spotify.com/artist/0k17h0D3J5VfsdmQ1iZtE9,https://i.scdn.co/image/e69f71e2be4b67b82af90fb8e9d805715e0684fa
6RZUqkomCmb8zCRqc9eznB,Placebo,1671276,66,https://open.spotify.com/artist/6RZUqkomCmb8zCRqc9eznB,https://i.scdn.co/image/ab6761610000e5ebc8b42133fea50275b77f45e2
0fyqyjD7pbaVzbu94ylWQR,Poco,210161,45,https://open.spotify.com/artist/0fyqyjD7pbaVzbu94ylWQR,https://i.scdn.co/image/6747986aaed37e5ba0ebe69d8f4a1efde0892e19
1fBCIkoPOPCDLUxGuWNvyo,Poison,2831790,62,https://open.spotify.com/artist/1fBCIkoPOPCDLUxGuWNvyo,https://i.scdn.co/image/70ed0b201cafa20fc3e3cb30a916f91adbb604ed
5NGO30tJxFlKixkPSgXcFE,The Police,5173383,74,https://open.spotify.com/artist/5NGO30tJxFlKixkPSgXcFE,https://i.scdn.co/image/1f73a61faca2942cd5ea29c2143184db8645f0b3
6liAMWkVf5LH7YR9yfFy1Y,Portishead,1650749,60,https://open.spotify.com/artist/6liAMWkVf5LH7YR9yfFy1Y,https://i.scdn.co/image/05d3721739aee511a898081ab140daa7890a0120
5a2EaR3hamoenG9rDuVn8j,Prince,6383693,70,https://open.spotify.com/artist/5a2EaR3hamoenG9rDuVn8j,https://i.scdn.co/image/ab6761610000e5ebeaca358712b3fe4ed9814640
6Mo9PoU6svvhgEum7wh2Nd,Public Enemy,927775,55,https://open.spotify.com/artist/6Mo9PoU6svvhgEum7wh2Nd,https://i.scdn.co/image/ab6772690000c46c7af45c8edde30249d1709b54
36E7oYfz3LLRto6l2WmDcD,Pulp,772309,59,https://open.spotify.com/artist/36E7oYfz3LLRto6l2WmDcD,https://i.scdn.co/image/274a6b04d4086699f74f761b7932adf122c5619e
1dfeR4HaWDbWqFHLkxsg1d,Queen,43417592,83,https://open.spotify.com/artist/1dfeR4HaWDbWqFHLkxsg1d,https://i.scdn.co/image/b040846ceba13c3e9c125d68389491094e7f2982
4pejUc4iciQfgdX6OKulQn,Queens of the Stone Age,3081265,68,https://open.spotify.com/artist/4pejUc4iciQfgdX6OKulQn,https://i.scdn.co/image/ab6761610000e5ebc194721f2ca5433bc78b0e74
7DCnwoFMqGN6eZULdcLZeL,Quicksilver Messenger Service,122622,43,https://open.spotify.com/artist/7DCnwoFMqGN6eZULdcLZeL,https://i.scdn.co/image/5fce71305ebe23822f19a5e1613b1cb224912439
3rxIQc9kWT6Ueg4BhnOwRK,Quincy Jones,283498,55,https://open.spotify.com/artist/3rxIQc9kWT6Ueg4BhnOwRK,https://i.scdn.co/image/ab6761610000e5ebe79e47fbc540635fd5e18e4d
4KWTAlx2RvbpseOGMEmROg,R.E.M.,3728755,72,https://open.spotify.com/artist/4KWTAlx2RvbpseOGMEmROg,https://i.scdn.co/image/ab6761610000e5eb6334ab6a83196f36475ada7f
7xDyxRXgFgOZhdtLtkYR1y,RAINBOW,21946,30,https://open.spotify.com/artist/7xDyxRXgFgOZhdtLtkYR1y,https://i.scdn.co/image/ab67616d0000b2739153d4362be52f4c6bbaadb2
6wWVKhxIU2cEi0K81v7HvP,Rammstein,7149288,79,https://open.spotify.com/artist/6wWVKhxIU2cEi0K81v7HvP,https://i.scdn.co/image/ab6761610000e5eb39a93f3d5cdbcdf4a2ce88e5
1eYhYunlNJlDoQhtYBvPsi,Ray Charles,1939070,65,https://open.spotify.com/artist/1eYhYunlNJlDoQhtYBvPsi,https://i.scdn.co/image/ab6761610000e5eb6fc460f10177fa38af69b8bf
02rd0anEWfMtF7iMku9uor,Reba McEntire,1753273,61,https://open.spotify.com/artist/02rd0anEWfMtF7iMku9uor,https://i.scdn.co/image/ab6761610000e5eb3cbed3215c0a8df804b209b8
0L8ExT028jH3ddEcZwqJJ5,Red Hot Chili Peppers,18596346,82,https://open.spotify.com/artist/0L8ExT028jH3ddEcZwqJJ5,https://i.scdn.co/image/ab6761610000e5ebc33cc15260b767ddec982ce8
7xTKLpo7UCzXSnlH7fOIoM,Redman,1017666,63,https://open.spotify.com/artist/7xTKLpo7UCzXSnlH7fOIoM,https://i.scdn.co/image/0b05a9d1bfb856e3c55ae64cf004dfad6d338be2
4Qk0lWGeXydDvfrDufDQ9p,Richie Havens,107858,45,https://open.spotify.com/artist/4Qk0lWGeXydDvfrDufDQ9p,https://i.scdn.co/image/2fb50665a61aa4712afe3568dd9a653a58925da4
0FrpdcVlJQqibaz5HfBUrL,Rick James,1046060,62,https://open.spotify.com/artist/0FrpdcVlJQqibaz5HfBUrL,https://i.scdn.co/image/e6c035ae9b2a8dd5cf6a3c5f4a0b274d5ff2a605
73sSFVlM6pkweLXE8qw1OS,Ricky Nelson,391369,56,https://open.spotify.com/artist/73sSFVlM6pkweLXE8qw1OS,https://i.scdn.co/image/99ee90438c46d52c9007866740f5504834d20f99
1sBkRIssrMs1AbVkOJbc7a,Rick Ross,6346930,76,https://open.spotify.com/artist/1sBkRIssrMs1AbVkOJbc7a,https://i.scdn.co/image/ab6761610000e5eb8196a8109c28a8b8aca28fae
0mkcYaXUbJUs5mJointuzB,Rick Wakeman,174110,41,https://open.spotify.com/artist/0mkcYaXUbJUs5mJointuzB,https://i.scdn.co/image/40aecd496eff1df1d42a25d31859641e824517c0
4b0WsB47XCa9F83BmwQ7WX,The Righteous Brothers,487027,60,https://open.spotify.com/artist/4b0WsB47XCa9F83BmwQ7WX,https://i.scdn.co/image/21584a935b760f20b4b08f7f9ddd012c12437798
5pKCCKE2ajJHZ9KAiaK11H,Rihanna,50740335,88,https://open.spotify.com/artist/5pKCCKE2ajJHZ9KAiaK11H,https://i.scdn.co/image/ab6761610000e5eb99e4fca7c0b7cb166d915789
6DbJi8AcN5ANdtvJcwBSw8,Ringo Starr,815371,52,https://open.spotify.com/artist/6DbJi8AcN5ANdtvJcwBSw8,https://i.scdn.co/image/ab6772690000c46c0a18f8be6d36079f2b164c2d
6Wr3hh341P84m3EI8qdn9O,Rise Against,2543340,69,https://open.spotify.com/artist/6Wr3hh341P84m3EI8qdn9O,https://i.scdn.co/image/ab6761610000e5eb8e19de59bac2628eb8929156
3HVdAiMNjYrQIKlOGxoGh5,Rob Zombie,2313373,66,https://open.spotify.com/artist/3HVdAiMNjYrQIKlOGxoGh5,https://i.scdn.co/image/ab6761610000e5eb40a6cfc37fa94d54d28aca22
2HcwFjNelS49kFbfvMxQYw,Robbie Williams,2528562,70,https://open.spotify.com/artist/2HcwFjNelS49kFbfvMxQYw,https://i.scdn.co/image/ab6761610000e5eb15709ba37709bc245a116a1c
6eMlKSBFAoXVJLoeHmwKEj,Robert Cray,218326,46,https://open.spotify.com/artist/6eMlKSBFAoXVJLoeHmwKEj,https://i.scdn.co/image/a4dd9cf1b97218b614a3561e5b96f0a3dafe153f
5cM1PvItlR21WUyBnsdMcn,Robert Glasper,365562,60,https://open.spotify.com/artist/5cM1PvItlR21WUyBnsdMcn,https://i.scdn.co/image/ab6761610000e5ebeac91c1b242fe7aff48894f5
530Sdm7eqqzWBdDmILMgnu,Robert Palmer,855964,59,https://open.spotify.com/artist/530Sdm7eqqzWBdDmILMgnu,https://i.scdn.co/image/d0f9136003814386988d37964be13b1da0b1c6e1
1OwarW4LEHnoep20ixRA0y,Robert Plant,976056,56,https://open.spotify.com/artist/1OwarW4LEHnoep20ixRA0y,https://i.scdn.co/image/6a29772fd3afae9ec890a860c500fa55267d8870
2y8Jo9CKhJvtfeKOsYzRdT,Rod Stewart,3823291,71,https://open.spotify.com/artist/2y8Jo9CKhJvtfeKOsYzRdT,https://i.scdn.co/image/ab6761610000e5eb1d3e6633d1da408fc103a9ec
5odf7hjI7hyvAw66tmxhGF,Roger Daltrey,107125,38,https://open.spotify.com/artist/5odf7hjI7hyvAw66tmxhGF,https://i.scdn.co/image/ab6761610000e5ebc913939d59d3236df6fda412
22bE4uQ6baNwSHPVcDxLCe,The Rolling Stones,12266540,77,https://open.spotify.com/artist/22bE4uQ6baNwSHPVcDxLCe,https://i.scdn.co/image/ab6761610000e5ebd3cb15a8570cce5a63af63d8
0ViVShGd52uogfHPUez1cB,Ronnie Lane & Slim Chance,2185,26,https://open.spotify.com/artist/0ViVShGd52uogfHPUez1cB,https://i.scdn.co/image/368dabceb756c926e58c1d7a49cc82ec5a41eae0
5HFtQOrPHOFptM1WF9xPuK,Ronnie Wood,78137,36,https://open.spotify.com/artist/5HFtQOrPHOFptM1WF9xPuK,https://i.scdn.co/image/ab6761610000e5ebf20a6838c74ef1938fd4821c
1kcWyDvrlPUbyxkIoM6pAV,Rory Gallagher,374286,52,https://open.spotify.com/artist/1kcWyDvrlPUbyxkIoM6pAV,https://i.scdn.co/image/ab6761610000e5ebe21794f3b8bc495ce47ca3ac
78xUyw6FkVZrRAtziFdtdu,The Roots,1226865,58,https://open.spotify.com/artist/78xUyw6FkVZrRAtziFdtdu,https://i.scdn.co/image/ab6761610000e5eb7e92a85b9e31236380cd38f2
6lx6XS8umFqYRVbBErx9fE,Rosanne Cash,151790,48,https://open.spotify.com/artist/6lx6XS8umFqYRVbBErx9fE,https://i.scdn.co/image/ab6761610000e5eb09d23d5069404d2614347d07
3fhOTtm0LBJ3Ojn4hIljLo,Roxy Music,838691,60,https://open.spotify.com/artist/3fhOTtm0LBJ3Ojn4hIljLo,https://i.scdn.co/image/ab6761610000e5eb35572c81290a3e3d4a0906e3
0JDkhL4rjiPNEp92jAgJnS,Roy Orbison,1642793,63,https://open.spotify.com/artist/0JDkhL4rjiPNEp92jAgJnS,https://i.scdn.co/image/ab6761610000e5eb63c7956d7de45418d7fe6b25
2q0HDEYPYC2oZjXgYqAWMZ,Ruff Ryders,389356,42,https://open.spotify.com/artist/2q0HDEYPYC2oZjXgYqAWMZ,https://i.scdn.co/image/ab6761610000e5ebe57f3636056e80cc281f1861
2PfBzriIMRsCXPDtSy9vg8,Rufus Wainwright,292296,60,https://open.spotify.com/artist/2PfBzriIMRsCXPDtSy9vg8,https://i.scdn.co/image/ab6761610000e5eb485d4b0e35345be63dc540f9
2Hkut4rAAyrQxRdof7FVJq,Rush,1979266,65,https://open.spotify.com/artist/2Hkut4rAAyrQxRdof7FVJq,https://i.scdn.co/image/ab6761610000e5eb896c4b043fb3063178afd716
1uJKSAvQROYPgm7qhZkqd3,The Ruts,45504,33,https://open.spotify.com/artist/1uJKSAvQROYPgm7qhZkqd3,https://i.scdn.co/image/d691e78d15d59276b2e00e794fbbd3d267235777
2qc41rNTtdLK0tV3mJn2Pm,Ryan Adams,546207,57,https://open.spotify.com/artist/2qc41rNTtdLK0tV3mJn2Pm,https://i.scdn.co/image/ab6761610000e5eb46dbea8d8ce2f2a21d9f0702
1N2FgBLehaq77UEdJhCt7f,Saint Etienne,104155,44,https://open.spotify.com/artist/1N2FgBLehaq77UEdJhCt7f,https://i.scdn.co/image/ab6772690000c46c278e26189e2bf51e2d48a63e
7wqtxqI3eo7Gn1P7SpP6cQ,Salt-N-Pepa,679620,59,https://open.spotify.com/artist/7wqtxqI3eo7Gn1P7SpP6cQ,https://i.scdn.co/image/6ff07d51815e67b11f8c2e4a4bebc2b6b3bbe7eb
6hnWRPzGGKiapVX1UCdEAC,Sam Cooke,1408158,65,https://open.spotify.com/artist/6hnWRPzGGKiapVX1UCdEAC,https://i.scdn.co/image/ab6761610000e5eb41aaa3a05d2ddba59454273e
2kucQ9jQwuD8jWdtR9Ef38,Sam Hunt,2250837,69,https://open.spotify.com/artist/2kucQ9jQwuD8jWdtR9Ef38,https://i.scdn.co/image/ab6761610000e5eb6de39820444ef2c38f91da09
2wY79sveU1sp5g7SokKOiI,Sam Smith,20596917,87,https://open.spotify.com/artist/2wY79sveU1sp5g7SokKOiI,https://i.scdn.co/image/ab6761610000e5eb10ca40ea0b0b5082dba0ff75
1hXjTjJzZTXDZ75AclOo6N,Sammy Hagar,804920,54,https://open.spotify.com/artist/1hXjTjJzZTXDZ75AclOo6N,https://i.scdn.co/image/ab6761610000e5eb9dc3e6da940b26f4695adc3b
1kYd37riIExqdm9g0juqGJ,Sandy Denny,51318,33,https://open.spotify.com/artist/1kYd37riIExqdm9g0juqGJ,https://i.scdn.co/image/b98e383ffe0b4832c7a14a5c1d35299e2a4f85fc
4tRSX1e4hJYjMNdl1TkINg,Schiller,116282,47,https://open.spotify.com/artist/4tRSX1e4hJYjMNdl1TkINg,https://i.scdn.co/image/ab6761610000e5eb4f3125d02da118542cdfa79e
27T030eWyCQRmDyuvr1kxY,Scorpions,5877283,71,https://open.spotify.com/artist/27T030eWyCQRmDyuvr1kxY,https://i.scdn.co/image/ab6761610000e5eb7440170c0628c2945da819c3
04tBaW21jyUfeP5iqiKBVq,Scott Walker,118673,43,https://open.spotify.com/artist/04tBaW21jyUfeP5iqiKBVq,https://i.scdn.co/image/90b31afd8391b7a8339474fe36cdc570a5003ea2
6GUg2fRLklsnSJsG3PrTt0,Secret Garden,217392,55,https://open.spotify.com/artist/6GUg2fRLklsnSJsG3PrTt0,https://i.scdn.co/image/ab6761610000e5eb5914abf7a7b669403884c949
7wug9iQ1abMCrKk87LlJce,The Sensational Alex Harvey Band,34646,33,https://open.spotify.com/artist/7wug9iQ1abMCrKk87LlJce,https://i.scdn.co/image/ab67616d0000b27308aee7c4476f57da5725cfde
01C9OoXDvCKkGcf735Tcfo,Serge Gainsbourg,481299,55,https://open.spotify.com/artist/01C9OoXDvCKkGcf735Tcfo,https://i.scdn.co/image/ab6761610000e5ebac7fa567b8c84f04cb5d4cbc
65c5si0ePAwkOCn4M35Ho7,Sérgio Mendes,152199,56,https://open.spotify.com/artist/65c5si0ePAwkOCn4M35Ho7,https://i.scdn.co/image/ab6761610000e5eb4a4e4f875283deb63d57f4ce
1u7kkVrr14iBvrpYnZILJR,Sex Pistols,1560970,56,https://open.spotify.com/artist/1u7kkVrr14iBvrpYnZILJR,https://i.scdn.co/image/ab6761610000e5ebd3fa01fd4baad1158dd2fd8b
5EvFsr3kj42KNv97ZEnqij,Shaggy,1810789,71,https://open.spotify.com/artist/5EvFsr3kj42KNv97ZEnqij,https://i.scdn.co/image/ab6761610000e5eb4f49b447350fa63936242776
29XJ6qIJAQdRSw64f47aJe,Sham 69,110306,34,https://open.spotify.com/artist/29XJ6qIJAQdRSw64f47aJe,https://i.scdn.co/image/ab67616d0000b2738fbabd906ca5b74161ce55b2
5e4Dhzv426EvQe3aDb64jL,Shania Twain,2713457,72,https://open.spotify.com/artist/5e4Dhzv426EvQe3aDb64jL,https://i.scdn.co/image/ab6761610000e5eb01022f4092cb96e0a91811a5
4TKTii6gnOnUXQHyuo9JaD,Sheryl Crow,955368,65,https://open.spotify.com/artist/4TKTii6gnOnUXQHyuo9JaD,https://i.scdn.co/image/ab6761610000e5ebf27acad0bc622073d9cab662
6hN9F0iuULZYWXppob22Aj,Simple Minds,1639953,65,https://open.spotify.com/artist/6hN9F0iuULZYWXppob22Aj,https://i.scdn.co/image/ab6761610000e5eb12dc9d898b3ef6119b4c2f9e
1n65zfwYIj5kKEtNgxUlWb,Siouxsie and the Banshees,791520,58,https://open.spotify.com/artist/1n65zfwYIj5kKEtNgxUlWb,https://i.scdn.co/image/baf868deb6e3944db2717194bbdd9016e48f3de2
1IQ2e1buppatiN1bxUVkrk,Slayer,3193289,65,https://open.spotify.com/artist/1IQ2e1buppatiN1bxUVkrk,https://i.scdn.co/image/8c81130db7b5f933412c4906c30327817f1e1b43
1W9qOBYRTfP7HcizWN43G1,Slick Rick,603161,54,https://open.spotify.com/artist/1W9qOBYRTfP7HcizWN43G1,https://i.scdn.co/image/ab6761610000e5eb7f458b9a8992b5472edfe0e7
6jJG408jz8VayohX86nuTt,Sly & Robbie,45036,42,https://open.spotify.com/artist/6jJG408jz8VayohX86nuTt,https://i.scdn.co/image/ab6761610000e5eb5682264188e83965fd4512f1
1YqGsKpdixxSVgpfaL2AEQ,Small Faces,289561,46,https://open.spotify.com/artist/1YqGsKpdixxSVgpfaL2AEQ,https://i.scdn.co/image/c60674ffc4b94efe99f46196cb1aeaf5bb60956e
40Yq4vzPs9VNUrIBG5Jr2i,The Smashing Pumpkins,4159168,71,https://open.spotify.com/artist/40Yq4vzPs9VNUrIBG5Jr2i,https://i.scdn.co/image/ab6761610000e5eb1a7d0845c3b7e2f130264957
0h9smro0z3HqUbD94jotU8,Smokey Robinson,1074668,54,https://open.spotify.com/artist/0h9smro0z3HqUbD94jotU8,https://i.scdn.co/image/60683dee3e26a764667ca7543c6ba557961524c7
6TKOZZDd5uV5KnyC5G4MUt,Smokey Robinson & The Miracles,1048639,56,https://open.spotify.com/artist/6TKOZZDd5uV5KnyC5G4MUt,https://i.scdn.co/image/6e1b939d6fcf5acf070fb266729458171eb46edf
7hJcb9fa4alzcOq3EaNPoG,Snoop Dogg,8851459,82,https://open.spotify.com/artist/7hJcb9fa4alzcOq3EaNPoG,https://i.scdn.co/image/ab6761610000e5eb9a398209a4ef3360dce2dec4
3rIZMv9rysU7JkLzEaC5Jp,Snow Patrol,2700635,66,https://open.spotify.com/artist/3rIZMv9rysU7JkLzEaC5Jp,https://i.scdn.co/image/ab6761610000e5eb02dd5c821135e146eb2bfc85
6aq8T2RcspxVOGgMrTzjWc,Soft Cell,558548,62,https://open.spotify.com/artist/6aq8T2RcspxVOGgMrTzjWc,https://i.scdn.co/image/ab6772690000c46c0564b6c825349fc15885bd76
5UqTO8smerMvxHYA5xsXb6,Sonic Youth,945258,58,https://open.spotify.com/artist/5UqTO8smerMvxHYA5xsXb6,https://i.scdn.co/image/af335c11a73e9311516bb28800be58311410d1be
69VgCcXFV59QuQWEXSTxfK,Sonny Boy Williamson II,159059,47,https://open.spotify.com/artist/69VgCcXFV59QuQWEXSTxfK,https://i.scdn.co/image/55acc5ed6aabd475e3b237a873d1d53fd91df658
2sIx6SmAMw9IBySG3Uj0jf,Soul II Soul,245599,51,https://open.spotify.com/artist/2sIx6SmAMw9IBySG3Uj0jf,https://i.scdn.co/image/ab6761610000e5eb003735d15030da44431553c0
5xUf6j4upBrXZPg6AI4MRK,Soundgarden,3724098,65,https://open.spotify.com/artist/5xUf6j4upBrXZPg6AI4MRK,https://i.scdn.co/image/ab6761610000e5ebafa254b2a224584485286526
2urZrEdsq72kx0UzfYN8Yv,Spandau Ballet,1087906,60,https://open.spotify.com/artist/2urZrEdsq72kx0UzfYN8Yv,https://i.scdn.co/image/3c45e8cba287ba947471687ee1bb9bd421c84937
7pwjGKaqnfkvS7eQbHaqyH,Sparks,183284,48,https://open.spotify.com/artist/7pwjGKaqnfkvS7eQbHaqyH,https://i.scdn.co/image/ab6761610000e5eb2ff19a172ce65cd60b400c01
0uq5PttqEjj3IH1bzwcrXF,Spice Girls,2899167,67,https://open.spotify.com/artist/0uq5PttqEjj3IH1bzwcrXF,https://i.scdn.co/image/ab6761610000e5ebcf4a1dced6258416eb219e36
0FMucZsEnCxs5pqBjHjIc8,Stan Getz,354828,62,https://open.spotify.com/artist/0FMucZsEnCxs5pqBjHjIc8,https://i.scdn.co/image/ab6761610000e5eb45dd470659deedf47618968e
5PSWc8Y94zFsAtZlTe7ipI,The Statler Brothers,187928,48,https://open.spotify.com/artist/5PSWc8Y94zFsAtZlTe7ipI,https://i.scdn.co/image/cb80bd63d8d6d986cc66292affea75e8bc07cd2f
4gIdjgLlvgEOz7MexDZzpM,Status Quo,677536,59,https://open.spotify.com/artist/4gIdjgLlvgEOz7MexDZzpM,https://i.scdn.co/image/ab6761610000e5eb6724477b2d922b4b0c18c37d
6UL7BodGc5iVmQGlMwHR0g,Steel Pulse,568702,53,https://open.spotify.com/artist/6UL7BodGc5iVmQGlMwHR0g,https://i.scdn.co/image/ab6761610000e5eb7b0863ab8d24bc7c167e572a
6P7H3ai06vU1sGvdpBwDmE,Steely Dan,1824044,66,https://open.spotify.com/artist/6P7H3ai06vU1sGvdpBwDmE,https://i.scdn.co/image/9d01e4e9aac39b891d684d3d1a5b3a451d7c72bd
1WRM9i067hd2ujxxi8FI3m,Steppenwolf,1347584,60,https://open.spotify.com/artist/1WRM9i067hd2ujxxi8FI3m,https://i.scdn.co/image/8208d86ed91c50bc9ffbf8f436c6e323e6bda480
1k8VBufn1nBs8LN9n4snc8,Stereo MC's,105195,47,https://open.spotify.com/artist/1k8VBufn1nBs8LN9n4snc8,https://i.scdn.co/image/ab6761610000e5ebbd5a7f746b3340f7bc85da01
21UJ7PRWb3Etgsu99f8yo8,Stereophonics,1359949,62,https://open.spotify.com/artist/21UJ7PRWb3Etgsu99f8yo8,https://i.scdn.co/image/ab6761610000e5eb9eeb3f2569bb34874643bb72
2UBTfUoLI07iRqGeUrwhZh,Steve Earle,252140,58,https://open.spotify.com/artist/2UBTfUoLI07iRqGeUrwhZh,https://i.scdn.co/image/ab6761610000e5eb2d8477e378b868e9d4e60d5b
4vs7NIU7kZc2Efh6yOGKEZ,Steve Hackett,132978,38,https://open.spotify.com/artist/4vs7NIU7kZc2Efh6yOGKEZ,https://i.scdn.co/image/ab6761610000e5eb8104f0dc35c644e0bc557217
4ruO9Y424Hf796fUGMLKcC,Steve Hillage,28222,29,https://open.spotify.com/artist/4ruO9Y424Hf796fUGMLKcC,https://i.scdn.co/image/ab67616d0000b273a0778c5a25db66f7a2e23f02
6QtGlUje9TIkLrgPZrESuk,Steve Miller Band,2552109,65,https://open.spotify.com/artist/6QtGlUje9TIkLrgPZrESuk,https://i.scdn.co/image/ab6761610000e5eb624ddceb90bdf808ed4e2e35
5gxynDEKwNDgxGJmJjZyte,Steve Winwood,897961,60,https://open.spotify.com/artist/5gxynDEKwNDgxGJmJjZyte,https://i.scdn.co/image/8a6cfe2373a091c0041b2bae6e576e395944eacd
32zks9ovi0IExzUd1C7W6o,Steven Tyler,82394,43,https://open.spotify.com/artist/32zks9ovi0IExzUd1C7W6o,https://i.scdn.co/image/ab6761610000e5ebd1dd2a96becf21583be6ff66
7guDJrEfX3qb6FEbdPA5qi,Stevie Wonder,5844728,74,https://open.spotify.com/artist/7guDJrEfX3qb6FEbdPA5qi,https://i.scdn.co/image/c59faacbed7aa770266bad048660810eca204108
0Ty63ceoRnnJKVEYP0VQpk,Sting,2728109,69,https://open.spotify.com/artist/0Ty63ceoRnnJKVEYP0VQpk,https://i.scdn.co/image/ab6761610000e5eb9fdb4dab484a9f12e347c216
3loflELg7MzgrOyNqERolN,The Style Council,279528,50,https://open.spotify.com/artist/3loflELg7MzgrOyNqERolN,https://i.scdn.co/image/c05ebc15af06d7750c149d43b7490db7c1d1b3fc
4salDzkGmfycRqNUbyBphh,Styx,1626782,61,https://open.spotify.com/artist/4salDzkGmfycRqNUbyBphh,https://i.scdn.co/image/ab6761610000e5ebfef3008e708e59efaa5667ed
0EdvGhlC1FkGItLOWQzG4J,Sublime,2356510,68,https://open.spotify.com/artist/0EdvGhlC1FkGItLOWQzG4J,https://i.scdn.co/image/ab6761610000e5ebe726280500259dbdb97a8be4
0qT79UgT5tY4yudH9VfsdT,Sum 41,3391165,70,https://open.spotify.com/artist/0qT79UgT5tY4yudH9VfsdT,https://i.scdn.co/image/ab6761610000e5eba79683a6e828e1a86341414c
3JsMj0DEzyWc0VDlHuy9Bx,Supertramp,2833382,68,https://open.spotify.com/artist/3JsMj0DEzyWc0VDlHuy9Bx,https://i.scdn.co/image/eebed895cad509b17c7c6faf47f21f1fc35e8829
3X0tJzVYoWlfjLYI0Ridsw,Suzanne Vega,409707,55,https://open.spotify.com/artist/3X0tJzVYoWlfjLYI0Ridsw,https://i.scdn.co/image/ab6761610000e5eb0127238f9fb959564cea878d
6nPKmEbQmR8jGZEm7ArOFX,T-Bone Walker,176972,44,https://open.spotify.com/artist/6nPKmEbQmR8jGZEm7ArOFX,https://i.scdn.co/image/ec29e66fd349e5090f874921a7cd0bdb972212b3
3dBVyJ7JuOMt4GE9607Qin,T. Rex,879354,60,https://open.spotify.com/artist/3dBVyJ7JuOMt4GE9607Qin,https://i.scdn.co/image/ab6761610000e5eb2895a754732b141ea88fc01d
1XgFuvRd7r5g0h844A5ZUQ,Take That,1152236,62,https://open.spotify.com/artist/1XgFuvRd7r5g0h844A5ZUQ,https://i.scdn.co/image/ab6761610000e5eb04b0ab704089054911d91bfd
75jNCko3SnEMI5gwGqrbb8,Tammi Terrell,153565,64,https://open.spotify.com/artist/75jNCko3SnEMI5gwGqrbb8,https://i.scdn.co/image/85df4af2833ce0f0fa25363c59c07e90a12c78d0
1BGN1IdyiSR0ZYrkoKNchl,Tangerine Dream,267021,47,https://open.spotify.com/artist/1BGN1IdyiSR0ZYrkoKNchl,https://i.scdn.co/image/ab6761610000e5eb002d15d106854b8c709f0c6f
06HL4z0CvFAxyc27GXpf02,Taylor Swift,61305761,100,https://open.spotify.com/artist/06HL4z0CvFAxyc27GXpf02,https://i.scdn.co/image/ab6761610000e5eb5a00969a4698c3132a15fbb0
4bthk9UfsYUYdcFyqxmSUU,Tears For Fears,2578674,72,https://open.spotify.com/artist/4bthk9UfsYUYdcFyqxmSUU,https://i.scdn.co/image/ab6761610000e5eb42ed2cb48c231f545a5a3dad
61UT1Zj9dFgPAjZfwnsqsb,Teena Marie,536743,49,https://open.spotify.com/artist/61UT1Zj9dFgPAjZfwnsqsb,https://i.scdn.co/image/a9b9bec541637d4391f0f418c16354d60781d18a
0iHb0mCbqZTYeb4y9Pirrd,Temple Of The Dog,1076686,55,https://open.spotify.com/artist/0iHb0mCbqZTYeb4y9Pirrd,https://i.scdn.co/image/ab6761610000e5ebf47df3543858204550cc19d3
3RwQ26hR2tJtA8F9p2n7jG,The Temptations,2537241,65,https://open.spotify.com/artist/3RwQ26hR2tJtA8F9p2n7jG,https://i.scdn.co/image/ab6761610000e5eb3f0f76df1047720f2e57fc35
0dgnITyIAN4NrmUVisvxHU,Tesla,815782,52,https://open.spotify.com/artist/0dgnITyIAN4NrmUVisvxHU,https://i.scdn.co/image/ab6761610000e5ebe1b45ffd19de80ecb7d086b7
5JsdVATHNPE0XdMFMRoSuf,Texas,422183,57,https://open.spotify.com/artist/5JsdVATHNPE0XdMFMRoSuf,https://i.scdn.co/image/ab6761610000e5eb3501932e95a686fed69531c0
3sgUnR8TF35euWEV07RPyO,Thelma Houston,92156,44,https://open.spotify.com/artist/3sgUnR8TF35euWEV07RPyO,https://i.scdn.co/image/49c108cfba665aed62c6535f3245d6fd4e42d076
4PDpGtF16XpqvXxsrFwQnN,Thelonious Monk,573916,51,https://open.spotify.com/artist/4PDpGtF16XpqvXxsrFwQnN,https://i.scdn.co/image/ab6761610000e5eb8238a10406dfbd483d13f908
6biWAmrHyiMkX49LkycGqQ,Thin Lizzy,1083752,62,https://open.spotify.com/artist/6biWAmrHyiMkX49LkycGqQ,https://i.scdn.co/image/cbebfb93be8c2ac47ef6b8a2186d11b3298abe49
6x2LnllRG5uGarZMsD4iO8,Thomas Rhett,4261116,72,https://open.spotify.com/artist/6x2LnllRG5uGarZMsD4iO8,https://i.scdn.co/image/ab6761610000e5ebfabe24b83a375fa379244b89
4FAEZeJcsYYBkNq2D3KGTV,Three Dog Night,809397,59,https://open.spotify.com/artist/4FAEZeJcsYYBkNq2D3KGTV,https://i.scdn.co/image/aa4bb75d6dff8cbb79e790e370ee27a40b3a6cc9
6roFdX1y5BYSbp60OTJWMd,Tim McGraw,4172994,70,https://open.spotify.com/artist/6roFdX1y5BYSbp60OTJWMd,https://i.scdn.co/image/ab6761610000e5eb194fcad1eb614d9eba7de1cb
2bA6fzP0lMAQ4kz6CF61w8,Toby Keith,1848953,67,https://open.spotify.com/artist/2bA6fzP0lMAQ4kz6CF61w8,https://i.scdn.co/image/ab6761610000e5eb1b6b9d83cfd806b328496207
1T0wRBO0CK0vK8ouUMqEl5,Tom Jones,750833,62,https://open.spotify.com/artist/1T0wRBO0CK0vK8ouUMqEl5,https://i.scdn.co/image/ab6761610000e5eb93fdc3f7371a0292b10bfcb2
2UZMlIwnkgAEDBsw1Rejkn,Tom Petty,2052860,67,https://open.spotify.com/artist/2UZMlIwnkgAEDBsw1Rejkn,https://i.scdn.co/image/ab6761610000e5eba56c2e176f0626e2a001431f
7x83XhcMbOTl1UdYsPTuZM,Tom Waits,1217451,59,https://open.spotify.com/artist/7x83XhcMbOTl1UdYsPTuZM,https://i.scdn.co/image/83ddcec755502352a3b1edead904b49eddb80e3c
6ZFv3wQwwWPiVDWhv0mjQK,Toots & The Maytals,442143,52,https://open.spotify.com/artist/6ZFv3wQwwWPiVDWhv0mjQK,https://i.scdn.co/image/ab6761610000e5eb346451ca43eb84f810f13b96
1KsASRNugxU85T0u6zSg32,Tori Amos,673406,53,https://open.spotify.com/artist/1KsASRNugxU85T0u6zSg32,https://i.scdn.co/image/ab6761610000e5eb1794ab286705098a73ee79ed
1CD77o9fbdyQFrHnUPUEsF,Traffic,513394,49,https://open.spotify.com/artist/1CD77o9fbdyQFrHnUPUEsF,https://i.scdn.co/image/ab6761610000e5ebe60afea4e6e1cd7c60a27cd3
2hO4YtXUFJiUYS2uYFvHNK,Traveling Wilburys,991418,59,https://open.spotify.com/artist/2hO4YtXUFJiUYS2uYFvHNK,https://i.scdn.co/image/ab6761610000e5ebabde33de707730af52c01bb0
7zfhej6FnVXN9LIXs6dcoK,The Tubes,81476,43,https://open.spotify.com/artist/7zfhej6FnVXN9LIXs6dcoK,https://i.scdn.co/image/ab6761610000e5ebc645d75ea79ed9470c381855
51Blml2LZPmy7TTiAg47vQ,U2,10331932,76,https://open.spotify.com/artist/51Blml2LZPmy7TTiAg47vQ,https://i.scdn.co/image/ab6761610000e5eb76d4c3c24368281c4dea2f41
69MEO1AADKg1IZrq2XLzo5,UB40,2079917,66,https://open.spotify.com/artist/69MEO1AADKg1IZrq2XLzo5,https://i.scdn.co/image/ab6761610000e5eb1e06f46a5b977ff9f5b690a3
3iUjRVvYCsMfz7tuAQtBDI,Ultravox,453180,50,https://open.spotify.com/artist/3iUjRVvYCsMfz7tuAQtBDI,https://i.scdn.co/image/0ff6575a23e3ed3e280317dd0c71e39f505726a4
1PXHzxRDiLnjqNrRn2Xbsa,Underworld,521757,55,https://open.spotify.com/artist/1PXHzxRDiLnjqNrRn2Xbsa,https://i.scdn.co/image/ab6761610000e5eb04160cc34b9ec32ecad8e087
02frazNrWgZCxUEf4UTfHt,Van Der Graaf Generator,116305,33,https://open.spotify.com/artist/02frazNrWgZCxUEf4UTfHt,https://i.scdn.co/image/ab67616d0000b2736931cd9c7b1f94ca74a0ec9a
4P70aqttdpJ9vuYFDmf7f6,Vangelis,526455,58,https://open.spotify.com/artist/4P70aqttdpJ9vuYFDmf7f6,https://i.scdn.co/image/ab6761610000e5eb4eb15436c35fface06216543
1nJvji2KIlWSseXRSlNYsC,The Velvet Underground,1607008,62,https://open.spotify.com/artist/1nJvji2KIlWSseXRSlNYsC,https://i.scdn.co/image/d69c2cf10323bf08443c7d122f3a1824a760ab57
2cGwlqi3k18jFpUyTrsR84,The Verve,1977730,64,https://open.spotify.com/artist/2cGwlqi3k18jFpUyTrsR84,https://i.scdn.co/image/94390c15f4b8ba12d111a0b166a5b2af4dd1d694
3IhWQSrLj8EJjdvjFTpCyo,Vince Gill,493232,60,https://open.spotify.com/artist/3IhWQSrLj8EJjdvjFTpCyo,https://i.scdn.co/image/ab6761610000e5ebbedd4fb3d79d6cfd9d3fe534
49WlsIvcUYj7Awo93hDKgf,The Walker Brothers,51586,41,https://open.spotify.com/artist/49WlsIvcUYj7Awo93hDKgf,https://i.scdn.co/image/ab6761610000e5eb33ea9b701f4058be2dbfa2d3
3jOstUTkEu2JkjvRdBA5Gu,Weezer,2914347,72,https://open.spotify.com/artist/3jOstUTkEu2JkjvRdBA5Gu,https://i.scdn.co/image/ab6761610000e5eb7d6493f1716643ff37ef74da
03YhcM6fxypfwckPCQV8pQ,Wes Montgomery,221815,50,https://open.spotify.com/artist/03YhcM6fxypfwckPCQV8pQ,https://i.scdn.co/image/e0fcfb2e4dbb9cb9c408ba7fad9bdd3526ef6ed8
2u0gw0uCWBMiqV7h0N8kai,Wet Wet Wet,425281,57,https://open.spotify.com/artist/2u0gw0uCWBMiqV7h0N8kai,https://i.scdn.co/image/ab6761610000e5eb7c533943803fb26b718244de
085pc2PYOi8bGKj0PNjekA,will.i.am,3865735,72,https://open.spotify.com/artist/085pc2PYOi8bGKj0PNjekA,https://i.scdn.co/image/ab6761610000e5ebc9ab8da6f7a3ce02f0b16fd8
3UbyYnvNIT5DFXU4WgiGpP,Whitesnake,2517776,63,https://open.spotify.com/artist/3UbyYnvNIT5DFXU4WgiGpP,https://i.scdn.co/image/ab6761610000e5eb1cc545458190efc44f48035f
67ea9eGLXYMsO2eYQRui3w,The Who,4745669,67,https://open.spotify.com/artist/67ea9eGLXYMsO2eYQRui3w,https://i.scdn.co/image/9cd709cabb4a614b4f1dd9ec256a5f30e21f0150
2AHGrNDMKFi8rHqQ8kJqfl,William Orbit,45883,46,https://open.spotify.com/artist/2AHGrNDMKFi8rHqQ8kJqfl,https://i.scdn.co/image/ab6761610000e5ebdaee965fbcb68881c9427de0
5W5bDNCqJ1jbCgTxDD0Cb3,Willie Nelson,1804241,69,https://open.spotify.com/artist/5W5bDNCqJ1jbCgTxDD0Cb3,https://i.scdn.co/image/ab6772690000c46ca07b9db029b749adaba3c618
0N5PyKJzS3M1XNlaCL7bbE,Wilson Pickett,551557,56,https://open.spotify.com/artist/0N5PyKJzS3M1XNlaCL7bbE,https://i.scdn.co/image/6938996289924918a6f9bb96af0bde4af969cb1c
77zwstbi3x1IxnbDFg6uns,Wishbone Ash,177504,44,https://open.spotify.com/artist/77zwstbi3x1IxnbDFg6uns,https://i.scdn.co/image/ab6772690000c46c541691c5deff70c190f9a7c9
3yEnArbNHyTCwMRvD9SBy4,Wolfmother,858279,60,https://open.spotify.com/artist/3yEnArbNHyTCwMRvD9SBy4,https://i.scdn.co/image/ab6761610000e5eb710f0b2475dea5901b861399
3TNt4aUIxgfy9aoaft5Jj2,Yeah Yeah Yeahs,1143635,66,https://open.spotify.com/artist/3TNt4aUIxgfy9aoaft5Jj2,https://i.scdn.co/image/ab6761610000e5eb0185e7016121628470a1b73b
7a4YDxo9xjfn1MwDflAsI5,Yellow Cube,1,16,https://open.spotify.com/artist/7a4YDxo9xjfn1MwDflAsI5,https://i.scdn.co/image/ab67616d0000b273ec74833ddfb97cb323f3eab1
5FifK2T7KEKatsWO6WxkS6,Yescoba,875,28,https://open.spotify.com/artist/5FifK2T7KEKatsWO6WxkS6,https://i.scdn.co/image/ab67616d0000b27333e4091a700d2e71a855b93c
4yBK75WVCQXej1p04GWqxH,Jeezy,2233594,71,https://open.spotify.com/artist/4yBK75WVCQXej1p04GWqxH,https://i.scdn.co/image/ab6761610000e5eb075a4c9d6da66addd8247c12
2KftmGt9sk1yLjsAoloC3M,Zucchero,819787,60,https://open.spotify.com/artist/2KftmGt9sk1yLjsAoloC3M,https://i.scdn.co/image/ab6761610000e5eb7ee57b2437148c8ca45ffe2d
